personId,personName,best
2015CHER07,Tommy Cherry,1415
2019KOBE03,Elliott Kobelansky,1505
2019EGGI02,Charlie Eggins,1512
2016CHAP04,Stanley Chapel,1600
2017GUTM01,Manuel Gutman,1622
2013HUAN29,Gianfranco Huanqui,1704
2017WANY29,Yifan Wang (王逸帆),1717
2015GUNN01,Jakob Gunnarsson,1767
2014CHEN37,Liam Chen,1788
2021TRIP01,Michael Tripodi,1817
2015PARK08,Jeff Park,1818
2014CAIJ02,Jack Cai,1827
2015HILL09,Max Hilliard,1828
2017SWOR01,Noah Swor,1835
2013EGDA02,Martin Vædele Egdal,1836
2013LINK01,Kaijun Lin (林恺俊),1840
2016CHAN25,Theodore Chan,1882
2013BOBE01,Krzysztof Bober,1885
2016QUAN03,Tam Quan,1906
2016SIGG01,Graham Siggins,1906
2016KLAS01,Jake Klassen,1912
2017MAXW01,Phillip Maxwell,1922
2014PARR02,Berta García Parra,1923
2015CERN01,Will Cerne,1931
2015TANG04,Calix Tang,1940
2017XIAO09,Bowen Xiao (肖博文),1947
2017TUNG13,Antonio Kam (甘浩東),1949
2018HABE02,Jens Haber,1951
2019FUJI07,Masato Fujiwara (藤原正人),1955
2017WONG13,Andy Wong,1961
2013WALL03,Daniel Wallin,1968
2022SLOA01,Jaye Sloan,2020
2017DEBS01,Adrian Dębski,2021
2018STOK01,Ben Stokes,2036
2015KUCA01,Carter Kucala,2046
2019ROGO04,Wojciech Rogoziński,2075
2014GARC27,Arthur Garcin,2083
2010CANT02,Antoine Cantin,2118
2016WEIM01,Josh Weimer,2119
2018DALO01,Charles Daloz-Baltenberger,2127
2017HARR08,Charlie Harrison,2151
2007HESS01,Rowe Hessler,2163
2020BARA02,Radomił Baran,2174
2018YANG92,Chih-Chuan Yang (楊智全),2177
2022CAMP02,Nicolas Campanario,2182
2022HAYA03,Keita Hayakawa (早川慶太),2185
2021MORA01,Mikołaj Morawski,2195
2016THOR08,Elvin Thorsen,2222
2022STRA10,Thomas Strasser,2223
2011TRON02,Sebastiano Tronto,2227
2014ZHAN01,Angelo Zhang,2236
2016PRZY01,Kamil Przybylski,2237
2016XIEY08,Yichuan Xie (谢逸川),2263
2015AGRA03,Ishaan Agrawal,2267
2016PILA03,Ryan Pilat,2268
2015CHEN49,Yucheng Chen (陈裕铖),2279
2018MADR02,Maxime Madrzyk,2281
2016VOSO01,Olivier Vos,2290
2013DIPI01,Guido Dipietro,2298
2014FRIT02,Oliver Fritz,2304
2013ANIR01,Hari Anirudh,2314
2015ALEK01,Grigorii Alekseev,2327
2016BARO04,Ben Baron,2351
2009BART02,Ádám Barta,2357
2016KRAF01,Noah Kraft,2361
2014ARGA02,Jefferson Durango,2366
2013AOYA01,Oto Aoyagi (青柳吟),2398
2020KARA01,David Karalli (داود قراعلي),2399
2019KOBI01,Dominik Kobinski,2399
2015FIRM01,Tomoya Firman,2408
2019CSEN01,Bálint Csengő,2414
2014PAUL05,Benjamin Paul,2415
2019HIRS01,Ezra Hirschi,2429
2018KIMH02,Heejun Kim (김희준),2436
2016JEYA01,Vishwanath Jeyaraman,2448
2013MORR03,Christopher Morris,2450
2017GOLU01,Theo Goluboff,2464
2016DAVI02,Ethan Davis,2472
2021PISK01,Karol Piskorek,2477
2015MACD03,James Macdiarmid,2485
2022HANT01,Thiago Han,2488
2015FARI06,Ryan Farish,2503
2018SHEN07,Mengfei Shen (沈梦非),2508
2016TAYL02,Paul Taylor,2513
2016SZYS02,Stanisław Szyszka,2526
2018MOSA01,Adel Mosallami,2530
2011KOWA01,Marcin Kowalczyk,2545
2010SHIX01,Xin Shi (石欣),2551
2021SREC01,Jakov Srečković,2555
2018CRUZ11,Leonardo Ezequiel Cruz,2559
2021CHAU01,Joshua Chau,2560
2012JALO01,Grzegorz Jałocha,2562
2016GORE02,Neel Gore,2579
2022MEEU02,Jorian Meeuse,2582
2012LIUY03,Yiwei Liu (刘伊玮),2588
2017NORR01,Timo Norrkniivilä,2599
2013OPOK01,Radosław Opoka,2600
2012MENE01,Diego Meneghetti,2601
2022CHAU04,Marius Chaudesaygues,2604
2015PANE01,Ethan Pan,2608
2019ECKE02,Ryan Eckersley,2610
2015FUSH01,Firstian Fushada (符逢城),2613
2018LEED01,DongJae Lee,2619
2014ZHAO12,Tianyu Zhao (赵天愉),2622
2018FORS03,Timo Forsthofer,2647
2017RIVA09,Quentin Rivault,2651
2008VENK01,Sreeram Venkatarao,2673
2016MART29,Artyom Martirosov,2677
2018WUMI02,Mingxuan Wu (吴明轩),2695
2019BENG02,Liav Bengayev,2700
2007LUJI01,Jia-Hong Lu (陸嘉宏),2702
2019RIGO01,Mattia Rigo,2705
2022THOM14,Brayden Thompson,2706
2015IVAN03,Oleksandr Ivanchak (Олександр Іванчак),2706
2011BANS02,Shivam Bansal,2715
2017SERG03,Vladimir Sergeev,2718
2011HAMI01,Ahsanul Insan Hamid,2720
2014MAUR06,Lorenzo Mauro,2721
2014BOYA01,Mark Boyanowski,2723
2010YAMA04,Yuki Yamamoto (山本祐輝),2727
2016ZAMB05,Tiago Zamberlan,2727
2014ENDO01,Jolo Endona,2730
2013NELS01,Tom Nelson,2733
2021BLAN02,Jared Blanco,2737
2017FENG10,Hill Pong Yong Feng,2740
2017MAZH04,Zhiyuan Ma (马之元),2747
2017WAGU02,Guoliang Wang (王国梁),2748
2012ARTH01,Noah Arthurs,2749
2013MINT01,Deni Mintsaev,2751
2013TALU01,Kabyanil Talukdar,2761
2018CEPI01,Tomasz Cepil,2763
2012SILV22,Israel Fraga da Silva,2767
2009HONG04,Preeda Hongpimolmas (ปรีดา หงส์พิมลมาศ),2777
2019SHEN10,Jeremy Sheng,2778
2018TAIR02,Keiichiro Taira (平佳一郎),2801
2018JIME14,Emilio Alberto Rodríguez Jiménez,2804
2018BERR01,Fletcher Berry,2811
2012BOGD01,Michał Bogdan,2826
2018PRAN01,Leonardo Pranadyar,2828
2019STOU02,Ivo Stoutjesdijk,2828
2018LUXI01,Xi Lu (鲁曦),2842
2016YIUN01,Nolan Yiu,2843
2017ZHAO32,Boqin Zhao (赵博钦),2843
2014ZHOU17,Chuang Zhou (周闯),2851
2017SEMO02,Marcos Ferreira Semolini,2874
2016HORV04,Mihály Horváth,2900
2019NING06,Zhaoxuan Ning (宁照轩),2901
2017KOLI01,Mohammed Aiman Koli,2902
2015BAKK01,Brendan Bakker,2905
2014GARG01,Parth Garg,2906
2016OCON02,Lucas O'Connell,2908
2014AMAY01,Ramses Amaya,2950
2018BLOC01,Jonathan Blöcher,2961
2014MACE02,Fernando Israel Zúñiga Macedo,2962
2016TIDS01,Daniel Tidsey,2968
2016MICH01,Kamil Michalak,2981
2019PAOL02,Federico De Paoli,2987
2011BARA01,Roberto Antonio Ocmin Baráybar,2992
2010WANG68,Bill Wang,3005
2021WEGR01,Krystian Węgrzyn,3009
2013BONA01,Martial Bonarek,3021
2016NORA01,Johan Hilmi Bin Nor Ashraf,3023
2017HERM01,Daniel Anker Hermansen,3023
2013SHAN02,Chunjie Shan (单淳劼),3059
2016FANG01,Shenghai Fang (方胜海),3078
2018SUNC02,Chenhao Sun (孙晨皓),3084
2016GOHT01,Timothy Goh,3092
2022RIPO01,Riccardo Ripoldi,3093
2016RIZO01,Andrew Rizo,3104
2019ROBE01,Alistair Robequin,3112
2014SCHW02,Fabio Schwandt,3116
2014DETU01,Eddy Deturche,3148
2013GHOD01,Abhijeet Ghodgaonkar,3159
2021OTAI01,Zakarya Otair,3161
2007WOOR01,Riley Woo,3179
2014SCHO02,Cale Schoon,3182
2012YANA01,Taku Yanai (矢内拓),3190
2016LIJI05,Jiazhou Li (李佳洲),3195
2014ZARA01,Rodrigo Zarate,3199
2013SOLI02,Alessandro Solito,3200
2015JAEH01,Konstantin Jaehne,3209
2015WANG09,Kai-Wen Wang (王楷文),3210
2016KELL10,Adam Marcellus Kelly,3220
2008JONG03,Jong-Ho Jeong (정종호),3222
2016HROM01,Timo Hromádka,3245
2014KOUL01,Sukant Koul,3250
2012SEVE01,Ainesh Sevellaraja,3263
2022TAOA01,Andrew Tao,3305
2010MATT02,Kevin Matthews,3320
2011SAKO01,Corey Sakowski,3325
2017CHOI07,Kyeongmin Choi,3330
2021TANG07,Zachary Tang,3332
2023LOPE09,Jordi Lleixà López,3336
2021DAMM01,Jonathan Dammann,3364
2016BRIS02,Joel Brown Brisola,3390
2011XUJU01,Jun Xu (徐俊),3432
2012BILL01,Gregor Billing,3445
2011GRIT01,Oleg Gritsenko,3452
2008UENO01,Shuto Ueno (上野柊斗),3460
2017JAKO02,Oskar Feed Jakobsen,3465
2013LANG03,Mason Langenderfer,3491
2009CADM01,Sesi Cadmus,3494
2009WANG62,Yuxin Wang (王宇欣),3514
2016WHIT16,Jason White,3521
2016MOBE01,Marcus Moberg,3567
2016SALA18,Mikołaj Salamon,3575
2007YOUN04,Ko Youngjin (고영진),3578
2017ANON13,Anonymous,3588
2015PHOM01,William Phommaha,3602
2015SRIN02,Swami Srinivasan,3604
2012GRAY01,Enoch Gray,3607
2014PATT02,Thomas Patterson,3614
2012KAMA01,Liliya Kamaltdinova,3618
2016TANG06,Xin Tang (唐薪),3622
2015SANC18,Josete Sánchez,3639
2015BELO03,Will Belote,3642
2015BUAT01,Witali Bułatow,3644
2016JENS09,William Jensen,3644
2013SAVA01,Harry Savage,3654
2012FROS01,Oliver Frost,3661
2013HOLM01,Kristian Holme,3679
2012MCNE01,Jayden McNeill,3689
2013LIMA01,Angel Lim,3694
2019HOBB02,Duncan Hobbs,3694
2014GERB01,Henri Gerber,3700
2012STRA02,Roman Strakhov,3704
2021PRAS02,Simon Praschl,3707
2014LONG06,Bertie Longden,3712
2019WANZ21,Zhe Wang (王哲),3714
2018CAIH01,Hui Cai (蔡辉),3725
2009QIAO03,Zhi Qiao (乔智),3742
2016PFEI01,Jack Pfeifer,3746
2018REIN04,Thomas Reinke,3760
2017PYLY01,Bohdan Pylypchak (Богдан Пилипчак),3762
2019DING22,Haozhen Ding (丁昊桢),3770
2010LEHM02,Adrian Lehmann,3775
2017MAND13,Francisco Moraes Mandalozzo,3788
2016YANG22,Gang Yang (杨港),3790
2009BAKK01,Ivo Bakker,3796
2018MCCA02,Colm McCarthy,3799
2012SALG01,Glenn Mark Salgado,3846
2018LANZ03,Valentin Lanz,3871
2021LANG01,Galaad Langlois,3886
2019BORO03,Šimon Borovský,3892
2011LINB01,Brandon Lin (林博浩),3896
2017KLOS01,Willem Klose,3901
2017FONS04,Jan Fonš,3920
2023YIMJ01,JiHun Yim (임지훈),3927
2019KISH01,Toma Kishimoto (岸本到馬),3996
2019BANG01,Andrew Tan Jing Bang,3999
2012HIRA01,Tomoyuki Hiraide (平出智之),4003
2010HONG01,Chi-Lun Hung (洪啟倫),4006
2015QUAN03,Ng Jia Quan (黄佳铨),4016
2015KEAR01,Steven Kearns,4031
2013CLAP01,Maxime Clapié,4043
2017SHIN02,Naoto Shinagawa (品川直登),4053
2019LIJA01,Jayce Li,4056
2022SUHA02,Amir Al-Hakim Bin Suhaimi,4061
2011TANH01,Haijun Tan (谭海俊),4067
2014MODA01,Shantanu Modak,4071
2018KHAN26,Hassan Khanani,4077
2018DEVE02,Adam Devere,4090
2022WILL06,Gabriel Williams V,4092
2012LEHT01,Janne Lehtimäki,4108
2014VIKS01,Olli Vikstedt,4110
2017ZHOU44,Yumeng Zhou (周雨萌),4124
2015WRIG07,William Wright,4129
2020ROUY01,Rodolphe Rouyrre,4134
2018ZYNE01,Arkadiusz Żynel,4146
2017CHEN16,Li Chengyu,4158
2018LOHT01,Timothy Loh,4161
2016JANI03,Fryderyk Janiak,4176
2011RIGG02,Jael Riggenbach,4185
2012FUJI01,Hiroto Fujita (藤田浩斗),4197
2015YUEW01,Wenxuan Yue (岳文轩),4199
2013MUAT01,Matěj Mužátko,4218
2012LAUR02,Anthony Lauro,4219
2022ANNA01,Greehith Annabathina,4230
2016PYWI01,Wilfrid Py,4252
2018SOLN01,Andrei Solntsev,4273
2011CHUD01,Daniel Chudecki,4283
2015MACK06,Zeke Mackay,4284
2018DUTH01,Manu Dutheil,4292
2021DLUZ01,Jakub Dłużak,4298
2023CHAI02,Anawin Chaichana (อนาวิล ชัยชนะ),4303
2016RUCI01,Marcel Ručigaj,4309
2018BOND03,Pavlo Bondar (Павло Бондар),4318
2021YEPU01,Putian Ye (叶溥天),4327
2008BARA01,Bence Barát,4338
2023SAUN07,Xavier Saunders,4358
2009COLO03,Matteo Colombo,4367
2017ZHUJ06,Jim Zhu,4370
2016BRIJ01,Abner Brijesh,4381
2010UBAL01,John Edison Ubaldo (ᜇ᜔ᜌᜓ︀ᜈ᜔ ᜁᜇᜒᜐᜓ︀ᜈ᜔ ᜂᜊᜎ᜔ᜇᜓ︀),4397
2022TUYE01,Dương Công Tuyền,4403
2023FROH01,Martin Fröhlich,4413
2014GLYR01,Victor Glyrskov,4434
2020MOCO01,Conan Mo,4435
2011CAOS01,Sheng Cao (曹晟),4437
2017MUZI01,Andrea Muzii,4442
2015JUNV01,Victor Tang Yao Jun (湯曜駿),4445
2017MAND10,Sukh-Erdene Mandakh,4450
2019SMIT36,Amy Smith,4470
2009ROST01,Anton Rostovikov,4484
2017DOVB01,Marharyta Dovbii (Маргарита Довбій),4494
2017SIAU02,Max Siauw,4508
2016HART02,Sean Hartman,4516
2018CREE01,Kerry Creech,4519
2017CHAM09,Jacob Chambers,4527
2020DWOR01,Kacper Paweł Dworak,4533
2022PART02,Daniel Partridge,4537
2017SWAR03,Dylan Swarts,4546
2007LIME01,Eric Limeback,4547
2015BAOW01,Weina Bao (鲍伟娜),4553
2012CHAN13,Hongbin Chang (常宏彬),4563
2016LUSH02,Andrii Lushpak (Андрій Лушпак),4566
2018BRUU01,Jacob Oliver Bruun,4593
2017TANI04,Naoki Tani (谷直輝),4616
2008TAKA01,Yuhei Takagi (高木佑平),4623
2017HUGH04,Lennon Hughes,4625
2014PETE03,Tobias Peter,4627
2018CAMP15,Cole Campbell,4643
2017CHEN36,Xinyun Chen (陈新运),4645
2010LACQ01,Christian Lacquio,4647
2022CHIA04,Luca Chiandotto,4652
2016HOUN01,Joshua Hounslow,4655
2016MAOY01,Yingmin Mao (毛英民),4672
2015HUAN48,Cary Huang,4673
2009XIAY02,Yan Xia (夏炎),4693
2009ZEMD01,Feliks Zemdegs,4713
2016WIEC02,Elliot Wiecek,4726
2012YUTA01,Tao Yu (喻韬),4728
2013CHEN46,Zhihuang Chen (陈志煌),4732
2012HALE01,Callum Hales-Jepp,4737
2016RIDL01,Ben Ridley,4747
2015OHHA01,Ha Min Oh (오해민),4753
2017LIMJ02,Jaden Lim,4761
2011QUEJ01,Jianyu Que (阙剑宇),4767
2023LIUK02,Kevin Liu,4786
2015HESS01,Eric Hess,4787
2014JELI01,Pavel Jelínek,4787
2016JIAN34,Hongyu Jiang (姜宏禹),4812
2018HAMI06,Kiagus Ahmad Haikal Hafif Hamidy,4833
2018LIUL05,Lichao Liu (刘立超),4860
2014GONI01,Christian Goñi,4862
2014HANJ02,Jiachi Han (韩佳池),4864
2015PEAR02,David Pearce,4876
2020GROD01,Szymon Grodzki,4887
2012IVAN02,Andrey Ivanov,4893
2016XUWE02,Sora Wenjie Xu (徐文杰),4935
2011ROHM01,Yudanis Taqwin Rohman,4936
2018WROT01,Brayden Wroten,4936
2017KITA03,Haruka Kitamura (北村晴香),4969
2012PONC02,Patrick Ponce,4973
2022PURS01,Maxim Pürstinger,4975
2008LIMS01,Simon Lim (林少秋),4989
2012LIUJ06,Jia-Wei Liu (劉家瑋),4996
2011NIAP02,Parsa Saeed Nia (پارسا سعیدنیا),5008
2011FRES01,Linus Frész,5010
2013GUER03,Leo Guernion,5020
2015LEON02,Ivan Li Ka Leong (李嘉亮),5027
2019FUBO01,Boyang Fu (付博阳),5031
2014HOLL01,Matthew Hollinger,5033
2014LORE02,Julio Perugorria Lorente,5049
2018LINH02,Hans Lin,5059
2013WAIN01,Monty Wain,5075
2016JOHN30,Keenan Johnson,5082
2008CASI01,Gabriel Alejandro Orozco Casillas,5095
2010UTOM01,Vincent Hartanto Utomo,5108
2015WRON01,Michał Wroński,5117
2007KRIS01,Tomas Kristiansson,5117
2009LEAN01,Andrew Le,5125
2018YUAN02,Anqi Yu,5137
2018ORAZ01,Abylai Orazalin (Абылай Оразалин),5181
2018GONZ30,Julian Alejandro Forero Gonzalez,5190
2016LEHE01,Thomas Lehéricy,5195
2007MINH01,Minhyun Kim (김민현),5198
2010BENT01,Jan Bentlage,5207
2022YANG19,Kai Wen Yang,5214
2016HEND01,Hendra,5237
2012WERB01,Sebastian Werb,5265
2015RUSS03,Will Russo,5266
2007GOUL01,Joey Gouly,5270
2019GRIE05,Jens Grieme,5277
2016WHEA01,Oliver Wheat,5287
2023GAOJ02,Joshua Gao,5309
2019STEL01,Serban Stelian,5313
2016ABAE01,Fedor Abaev,5315
2022CAMA04,Brayan Alexander Sandoval Camacho,5320
2018TURR01,Jacob Turrubiartes,5326
2015HOUX01,Xiaobo Hou (侯晓博),5332
2017SUNC02,Christopher Sun,5334
2021ELIA01,Niklas Aasen Eliasson,5351
2013APAZ01,Yehude Rudy Canaza Apaza,5357
2009DAVI01,Hana Nakano,5360
2015RUSN01,Ethan Rusnak,5363
2013ZHAN41,Lanshi Zhang (张岚石),5365
2015JOIN01,Kyra Joiner,5366
2015EWER01,Helmer Ewert,5369
2021CAMB01,Arthur Cambon,5376
2016CAST31,Samuel Hernandez Castro,5376
2014GUZM03,Mynor Guzman,5382
2007SHIR01,Takuma Shirahase (白波瀬拓磨),5382
2020BELA01,Badr Ait Belaid,5384
2005KOCZ01,István Kocza,5386
2012RUPE01,Akash Rupela,5389
2012POHL01,Andreas Pohl,5400
2023ALEX03,Alexander Bóna,5402
2015TORR17,Sergio Augusto Guillén Torres,5421
2009BARB01,Gabriel Dechichi Barbar,5425
2007WONG02,Tim Wong,5442
2011SBAH01,Rami Sbahi,5451
2019MORE28,Tommy Moreno,5452
2022BROO02,CJ Brooke,5469
2013EGDA01,Daniel Vædele Egdal,5473
2021ZEMA01,Jan Zeman,5476
2016AMBE02,Dieter Amberger,5476
2017GARR05,Luke Garrett,5506
2017OSTD02,Jason Ostdiek,5510
2016TAMU01,Teruki Tamura (田村旭輝),5526
2016GROS06,Christophe Grosjean,5530
2013KOBA01,Tomohiro Kobayashi (小林知広),5536
2016SOON01,Jareth Soong Ying Rui (宋颖锐),5537
2010SOUZ01,Walter Pereira Rodrigues de Souza,5548
2017PARK05,DongSoo Park (박동수),5549
2017MEYS02,Cedric Meysing,5550
2009LIUE01,Evan Liu,5556
2022PING02,John Tee Ding Ping,5560
2012IWAS01,Hiroki Iwashita (岩下大輝),5573
2013VALE03,Rustam Valeev,5578
2011MANS02,Tomás Mansilla,5591
2007NAKA03,Yu Nakajima (中島悠),5591
2017MINA04,Hannah Minas,5593
2013SATO01,Shiori Sato (佐藤詩織),5604
2018DIER01,Jonas Di Dier,5607
2019COLL12,Patrick Collins,5609
2014HOLU01,Lev Golub (Лев Голуб),5628
2010AMBR01,Jacob Ambrose,5665
2017SWAI01,Adam Swaine,5671
2015BERG10,Ben Bergen,5671
2022ECHE01,Tiago Eche,5678
2014LOPE04,Antonio López,5681
2018ZHEN45,Frederick Zheng,5685
2015KORO02,Volodymyr Korol (Володимир Король),5692
2017SHIM06,Minyang Shi (时旻扬),5701
2017MOLI05,Samuel Moliver,5706
2012LIYA01,Yang Li (李扬),5706
2017TOYS01,Azael Toysehua,5712
2017KISL01,Alexey Kislovskiy,5727
2015JAIN21,Saiyam Jain,5735
2019PLAN02,Alexia Plantivaux,5749
2021PHIL05,Nathan Phillips,5756
2012HUYA01,Yang Hu (胡扬),5762
2013FISC01,Elias Fischer,5771
2023BHAR05,Abhyuday Bhargav,5783
2017YUNG02,Connor Yungbluth,5818
2013BRAT01,Martin Brath,5837
2020KASP01,Szymon Kasprzycki,5839
2013CHEN22,Victor Chenu,5856
2022MAOA01,Andrew Mao,5860
2009SANC06,Asier Cardoso Sánchez,5860
2014OKEN01,Vladimir Okenchits,5873
2023WILL26,Felix Samuel Williams,5874
2014XUSU01,Su Xu (徐粟),5874
2008YUDA01,Yu Da-Hyun (유다현),5882
2014BENT02,Roberto Bentivoglio,5891
2018MINK01,Nate Minkevich,5897
2011LINC06,Chun Lin (林春),5903
2016MAIL01,Lucas Maillard,5913
2019PERM04,Muhammad Rafi Hilmy Permana,5913
2018CHAM01,Tucker Chamberlain,5913
2016ANHN02,Nguyen Dao Quoc Anh,5930
2015SOAR01,Nikhil Soares,5936
2016LOPE20,Julshz Lopez,5936
2018LAPE01,Gael Augusto Lapeyre,5937
2016QUIN01,James Quinn,5940
2016JEON02,Jaehyun Jeong (정재현),5942
2017AIPK01,Igor Aipkin,5948
2019CUTT01,Elizabeth Cutting,6010
2009LIAN03,Chester Lian,6017
2016BROD01,Bernhard Brodowsky,6018
2011HUAN10,Bin Huang (黄斌),6025
2013TANG07,Feilong Tang (唐飞龙),6036
2017LEMB02,Mikus Lembergs,6039
2009SHEE01,Matthew Sheerin,6047
2015RIVE05,Mark Rivers,6047
2010SUGA01,Sei Sugama (洲鎌星),6048
2019CORA01,Malo Coraboeuf,6051
2008COUR01,François Courtès,6058
2017BELT01,Sergio Antonio Galvan Beltran,6067
2016ALVA09,Juan Sebastián Silva Alvarez,6091
2010KUSU02,Didiet Aditya Bayu Kusuma,6106
2014SURE11,Anirudh Sureshram,6115
2011MATA01,Jorge Castillo Matas,6116
2018JENS04,Oliver Lundø Jensen,6134
2014SORI01,Misael Gómez Soria,6140
2007YUNQ01,Yunqi Ouyang (欧阳韵奇),6149
2015HERN17,Artur Miralles Hernàndez,6159
2022WADH02,Ashwyn Wadhawan,6174
2014RODR19,Juan Pablo Rodriguez,6175
2012DESM02,Pierre Desmet,6189
2014MARQ02,Marlon de V. Marques,6189
2015MILE01,Ivan Miletić,6201
2017INKA01,Korakot Inkaew (กรกฎ อิ่นแก้ว),6204
2013DAIA01,Andrei Dăian,6210
2018SANT64,Antonio Isaías Martínez Santos,6216
2014GOSL01,Raymond Goslow,6222
2016GRIG01,Raluca Ioana Grigoraș,6259
2022WANG06,Daniel Wang,6270
2018ZHAH02,Hongjie Zhang (张鸿杰),6276
2010POSN02,Jacob Posner,6278
2008OLLE01,Alexander Olleta del Molino,6291
2009FEAN01,Aldo Feandri,6298
2021HIES01,Simon Hiesl,6305
2018AMSB02,Stone Amsbaugh,6312
2016ZENK01,Viktor Zenk,6321
2012HAQQ01,Robbi Atsmara Haqqi,6322
2007SUNT01,Timothy Sun,6325
2022JAME01,Blue James,6335
2010VERE01,Manu Vereecken,6346
2015CITT01,Marco Edoardo Cittar,6365
2015CAMP17,Alexandre Henrique Afonso Campos,6367
2018SHAO02,Zhenyang Shao (邵振洋),6370
2009OKAD01,Yuta Okada (岡田雄太),6390
2014BARR02,Gabriel Barrios,6394
2016SAIF01,Diki Saifuloh,6395
2016DROB01,Jakub Drobný,6400
2019ULLA01,SM Abeer Ullah,6416
2016KELL12,Simon Kellum,6430
2014IFRA01,Rotem Ifrach,6435
2016IBAR05,Jorge Manuel Lira Ibarra,6435
2021SABB01,Adamo Sabbadin,6445
2009MOSK01,Wojciech Moska,6471
2017YOUN10,Kaius Young,6474
2012REQU01,Javier Hernandez Requena,6496
2020BROW01,Jake Brown,6497
2018NEVE02,Adrien Neveu,6510
2008MAPE01,Reynaldo Mape Jr.,6518
2011NARA02,Bhargav Narasimhan,6523
2017WURY01,Ryan Wu,6528
2015BOLT01,Matej Bolta,6537
2018FANG03,Lichi Fang (方力驰),6546
2016CARL02,Jérôme Carlier,6562
2017AGGA01,Sameer Aggarwal,6563
2011RIGG03,Natán Riggenbach,6563
2016ANSE02,Ilona Ansel,6573
2014CHOE01,JaeSeong Choe (최재성),6573
2014KOLE03,Viktor Kolesnichenko (Віктор Колесніченко),6584
2012LAPE01,Blai Solernou Lòpez,6588
2018CAST11,Raúl Cuevas Castillo,6591
2017DUMM01,Matteo Dummar,6613
2015HETI01,Ting He (禾廷),6621
2012MADA01,Vivek Prasad Mada,6636
2017CHAN16,Matteo Chancerel,6645
2017MISI01,Maksymilian Misiak,6667
2022GREC01,Miles Greco,6668
2017TORR18,Wilmer Torres,6668
2015CECC01,Vicenzo Guerino Cecchini,6679
2015PARK24,Jae Park,6705
2010WUJI01,Jiawen Wu (吴嘉文),6705
2023MALA01,Carlo Malagar,6719
2017PIWA01,Wayne Pi,6737
2017MILL12,Alistair Miller,6738
2013SUNY02,Yongtao Sun (孙永涛),6743
2007STRE01,Dennis Strehlau,6743
2015TAKA06,Taiga Takaoka (高岡汰虎),6747
2017ZHAC06,Cheng Zhang (张成),6747
2016KOND04,Bernabe Kondrak,6750
2019SHAF02,Muhammad Ghifari Shafa,6752
2017SASA03,Akifumi Sasaki (佐々木彰史),6753
2018LUDE01,Anthony Gerard Álvarez Ludeña,6756
2019MCCA09,James McCambridge,6772
2008WEST02,Simon Westlund,6781
2022STRE03,Jáchym Střelec,6791
2018GEOR01,Nikhil George,6792
2009SHEP01,Daniel Sheppard,6799
2016PUTT01,Arttu Puttonen,6799
2019WAWR01,Igor Wojciech Wawrzynski,6800
2009DIEC01,Cornelius Dieckmann,6815
2015ARYA03,Aniketh Arya,6820
2009ORTI01,Daniel Gracia Ortiz,6825
2023YING03,Ng Hoi Ying (吳鎧楹),6832
2023OCAR01,Rodrigo Ángeles Montes de Oca,6845
2022IATR01,Thodoris Iatrou,6848
2011REED01,Austin Reed,6851
2011MASS01,Nikolai Masson (Николай Массон),6864
2019CAIR01,Ryan Cairns,6883
2019YANG94,Cian-Jyun Yang (楊謙君),6886
2008MAND01,Nikhil Mande,6893
2019RAIM03,Mihir A. Rai,6894
2015ONOF01,Anuar Miguel Abib Onofre,6899
2017KECH01,Chenfei Ke (柯陈飞),6906
2015BART05,Aiden Bartlett,6916
2014JIAN10,Leia Jiang,6917
2011KULS01,Ayush Kumar,6919
2014PACE01,Grzegorz Pacewicz,6929
2022LAZD01,Igor Pertoso Lazdan,6951
2021FOST01,Jaxon Foster,6953
2017BHAT02,Atharva R. Bhat,6962
2013PRZY02,Ryan Przybocki,6974
2023MART47,Valentín Fernando Olguín Martínez,6975
2020TAYL02,Alex Taylor,6984
2016MAGU01,Juan Dilan Nina Magueño,6988
2017PODZ01,Modest Podzolkin,7007
2022ONCH01,Chu Yiu On (朱耀安),7013
2018AUBR01,Étienne Aubry,7019
2013GOOD01,Daniel Goodman,7021
2018MULL07,Hannes Müller,7026
2011CHEC01,Maxim Chechnev,7037
2022HERR11,Fabián Nicolás Cáceres Herrera,7053
2016MAIT02,Joey Mait,7079
2017DAVI29,Nathan Daviaud,7079
2013KATO01,Eva Kato,7088
2015FELD01,Noah Feld,7095
2013SAVO01,Artem Savosik,7096
2012WESC01,Lucas Wesche,7099
2016PRES04,Matthew Prestwich,7099
2022MUNT02,Eskil Munthe,7103
2018MILL08,Cameron Miller,7118
2019PANG12,Anson Ho Wai Pang,7151
2011MIKE01,Brandon Mikel,7170
2015RIBI01,Vilius Ribinskas,7177
2016YEJI01,Jiahao Ye (叶佳浩),7188
2016DUMA01,Maksym Dumanskyi (Максим Думанський),7216
2022SCHI01,Giacomo Schiava,7222
2018AZHA03,Roikhan Azhari,7226
2010GARC02,Carlos Méndez García-Barroso,7226
2013ZIRN01,Jānis Zirnis,7227
2012MECO01,Benjamin Meco,7234
2016CARA04,Kristian Gil Caragan,7236
2022RATN01,Arnav Ratna,7244
2014LEZA02,Bruno Lezama,7248
2017KERY01,Ilya Kerymov (Ілля Керимов),7253
2016TARA04,Igor Tarasov,7258
2023KING02,James Kingston,7272
2010DAVI06,Julian David,7286
2016IHLE01,Malte Ihlefeld,7290
2010ESTU01,Rémi Esturoune,7291
2021LIAO03,Heng Liao (廖衡),7297
2022LOPE07,Joseph Johan Lopez,7311
2023CAIJ01,Jimbo Cai,7317
2021LOFT01,Enda Loftus,7323
2017SUNC03,Chen-Pin Sun (孫振斌),7336
2023YUAN19,Shenghui Yuan (苑盛辉),7337
2014JANE02,Ethan Jan,7349
2015LONG01,Siah Yee Long,7351
2022KAHA01,Libi Wohlfeiler Kahaty,7357
2012GOOD02,Callum James Goodyear,7359
2016KAMA04,AJ Kamal,7381
2015DEGL01,Lucas Déglise,7412
2007GUIM01,Pedro Santos Guimarães,7418
2015GERA02,Arian Geravandi (آرین گراوندی),7420
2017MART50,Antoine Martini,7424
2013ERTA01,Muhammed Enes Ertaş,7433
2015SANT41,Gleiciano Cosmo Santos,7444
2016CAST48,Timothy Castle,7455
2017AHMA06,Dhafin Rayhan Ahmad,7457
2016TAMH01,Rishabh Tamhane,7462
2014LIBM01,Ron Libman,7466
2015YONG02,Gang Yong-Jin,7485
2019RIED01,Jan Riedl,7494
2016GIUL01,Alessio Giuliano,7498
2008CLEM01,Kit Clement,7502
2017STAL02,Luca Stalpers,7503
2011FERA01,Joshua Feran,7506
2016ERWI01,Ben Erwin,7508
2006OOKU01,Takayuki Ookusa (大艸尊之),7509
2017CHEX02,Xinhao Chen (陈新浩),7515
2013PENG02,Yongqiang Peng (彭永强),7516
2015SUMT01,Timothy Kong Wing Sum (江永琛),7523
2015YOUC01,Youcheng Zhang (张祐诚),7535
2016HUNG08,Lim Hung (林弘),7539
2016NAGU02,Christian Angelo Araneta Naguio,7548
2010CHAN20,Nevins Chan Pak Hoong (陈百鸿),7559
2021ZHUR04,Diasbek Zhuraev (Диасбек Жураев),7562
2018LAPT02,Polina Lapteva (Полина Лаптева),7582
2016JONE04,Jode Brewster,7597
2016DEXT01,Riley Dexter,7602
2021YANG26,Changseok Yang,7604
2022RETI01,Caleb Retik,7605
2008CIRN01,Fabrizio Cirnigliaro,7621
2014STAR05,Charlie Stark,7621
2013FRON01,Martin Fronescu,7631
2008VASC01,Vasco Vasconcelos,7639
2022CSON01,Janos Csontos,7664
2011YUBE01,Ben Yu,7665
2007POLI01,Lorenzo Vigani Poli,7671
2020SCHL01,Katharina Schlomberg,7671
2016PATT02,Nicholas Patterson,7677
2009ADAM01,David Adams,7690
2012PERE04,Carlos Miguel Pérez,7694
2018CAST08,Oliver Castledine,7700
2018ZERO01,Alan Żeromski,7708
2013WALT01,Zak Walters,7715
2023ZHUX01,Xingyu Zhu (朱星宇),7717
2010KARY02,Dmitry Karyakin,7719
2011LAYE01,Saeed Mostafavi Layegh (سعید مصطفوی لایق),7729
2016MILL07,Pedro Giuseppe Garcia Milla,7747
2017ZHAD01,Damir Zhanataev,7754
2016HARA02,Knut Skaug Haraldsen,7758
2012KALH01,Simon Kalhofer,7758
2022CUIA01,Auric Cui,7772
2013MOLI04,Angel Ruano,7772
2018SPIL01,Aaron Spiller,7775
2023XUZI01,Ziyi Xu (徐梓翼),7775
2013ZHAO17,Junwei Zhao (赵俊威),7796
2017RICH02,Braden Richards,7805
2015SLEA01,Aidan Sleavin,7811
2016TARI02,Daniel Tarifa,7825
2015MURA05,Paweł Murawski,7856
2014SZWU01,Mateusz Szwugier,7858
2018ARNE04,Davide Arnesano,7874
2011WELC01,Walker Welch,7886
2014LING03,Yiquan Ling (凌艺全),7897
2014HERR08,Sergio Bodega Herráiz,7911
2011DWYE02,Nathan Dwyer,7934
2021YAMA01,Kai Yamamoto (山本快),7944
2012BUBE01,Reto Bubendorf,7946
2022LEAV01,Orion Leavitt-Lytle,7947
2016DURA09,Paweł Duraj,7957
2022WIJE02,Kalindu Sachintha Wijesundara,7988
2016JARM01,Myles Jarman,7995
2019CAIW01,Wenhao Cai (蔡文昊),8013
2013ANHN01,Nguyễn Đức Anh,8022
2015SERO02,Ernest Seroczyński,8030
2014RENW01,William Gan Wei Ren (颜伟仁),8036
2008BERG04,Mats Bergsten,8039
2015BALO02,Marlente Baloro Jr.,8059
2011KOGL01,Jakob Kogler,8067
2019CARE02,William Carey,8068
2015FEDE01,Alexis Fedeler,8069
2019HLAV02,Adam Hlavín,8080
2019FONG04,Ryan Fong,8095
2015TALL01,Levi André Tallaksen,8116
2017CUES02,Luis Fernando Aldás Cuestas,8119
2018CENT02,Giovanni Centili,8126
2022MAOM01,Michael Mao,8127
2009CHAI01,Tanai Chaikraveephand (ธนัย ชัยกระวีพันธ์),8137
2014ZAKR01,Karol Zakrzewski,8145
2020MCDO01,Jack McDougall,8147
2017CAST41,Raymos Castillo,8173
2016VINC01,Marie Vincent,8184
2022MELE01,Angelo Melera,8185
2022BARN13,Daniel Sebastian Barnea,8189
2016AQUI02,Jose Polorhenzo Aquino,8198
2021ZHAN52,Martin Zhang (张镐轩),8206
2009SIEW02,Eason Siew Ee Son (蕭奕晨),8212
2018BLAN01,Dennis Josue Blanco,8215
2016ATLA01,Daniel Atlas,8215
2015LUCI02,Paul Luciw,8223
2013BOTZ01,Alexander Botz,8225
2007FIDE01,Willian Fidêncio,8235
2022OGLO01,Aleksejs Oglobļins,8237
2012CHOW03,Theodore Chow,8238
2015SETT01,Fabian Settelen,8249
2019TORR16,Gavin Torreflores,8253
2020AUNE01,Rasmus Heggvik Aune,8256
2011ZHAN24,Chunyu Zhang (张春雨),8266
2014BULU01,Sergio Bulux,8275
2005AKKE01,Erik Akkersdijk,8292
2023SARI01,Angelo Sarinas,8292
2016PARK10,Yeon Kyun Park (박연균),8296
2015BYEO01,Jimin Byeon (변지민),8299
2007HUGH01,Mike Hughey,8303
2018GRAH05,Kate Grahame,8305
2017ABDU06,Raiyan Abdulrub,8316
2013FERR05,Didier Batista Ferreira,8330
2019ADAN02,Arnav Adani,8331
2018BIDW02,Matthew Bidwell,8334
2016SZAN01,Szabolcs Szántai,8337
2018FANG10,Weijie Fang (方伟杰),8377
2018WEYE01,Peter Weyers,8379
2021PAND01,Alessio Pandin,8382
2014TANA01,Takayuki Tanaka (田中隆喜),8393
2013LEED01,Dwayne Lee,8401
2022YANM02,Muxi Yan,8405
2016BENI05,Jeremy Benik,8416
2015KANY01,Yikuan Kan (阚亦宽),8416
2017ASMU01,Thor Muto Asmund,8418
2013LOYA01,Samuel Adrián Pérez Loya,8422
2014HANT01,Tianlang Han (韩天朗),8426
2018SILV28,Pedro Henrique de Jesus Silva,8433
2016CETR01,Joel Cetra,8433
2014WENW01,Wong Chong Wen (黄崇文),8435
2018NADZ01,Muhammad Nadzir,8451
2019SANC20,Samuel Martinez Sanchez,8456
2016HOUG01,Levin Houghton,8464
2016DICK03,Eng Dickson (黄迪胜),8465
2019KONI03,Flurin König,8482
2018AGAN01,Nathan Agan,8517
2013OWCZ01,Bartłomiej Owczarek,8526
2021DOLA01,Jude Doland,8534
2014ISHI03,Ko Ishida (石田光),8539
2017TRAN24,Delphine Tran,8555
2023LIUY01,Yuncong Evan Liu,8559
2021SMIG01,Adam Śmigaj,8563
2016LIMI01,Mingyao Li (李明尧),8564
2015MIKH04,Farid Mikhailov,8569
2016SUZU03,Andrés Hisashi Suzuki Cabrera,8582
2013WUJI03,Jiajun Wu (吴佳骏),8596
2015DORN02,Paris Dorn,8598
2015SALO01,Álvaro Aguilar Salobreña,8598
2014SEBA01,Juliette Sébastien,8600
2013FRAI01,Diego Fraile,8601
2014DATT01,Dattatreya Chodavarapu,8606
2023BUEN02,Ayden Kainalu A. Bueno,8633
2018MARI08,Sergey Marin (Сергей Марьин),8639
2014SONG08,Zian Song (宋子安),8651
2019ZHAP03,Patrick Zhang,8654
2011SZAT01,Wojciech Szatanowski,8666
2017RIEN01,Raphael Riener,8671
2014CHER05,Clément Cherblanc,8676
2017SANK04,Vishwa Sankar,8692
2019BILA03,Mohamed Bilal,8693
2012VAJD01,Jernej Vajda,8695
2014WHEE01,Alexander Wheeler,8707
2011NATH02,Andrew Nathenson,8712
2020MADD02,Jack Maddigan,8728
2022SUIJ01,Justin Sui,8737
2014NUNE05,Rodrigo Pueblas Núñez,8747
2019HALA01,Issam Imad El Halabi,8748
2007OOBA01,Kou Oobatake (大畠功),8753
2012HOLE01,Leung Ka Ho (梁家浩),8755
2022RATT01,Aaron Rattanachaipipat,8769
2016WATA01,Kazutaka Watanabe (渡部和孝),8772
2014MILE01,Patryk Milewczyk,8772
2019BOGU01,Krzysztof Boguszewski,8778
2016WIJA01,Deri Nata Wijaya,8784
2007BERN01,Balázs Bernát,8807
2015GROB02,Ruben Grobler,8828
2015ROSE01,Daniel Rose-Levine,8829
2022WEIS03,Yoad Yahalom Weiss,8839
2019ENGE02,Achia Engel,8848
2014ZHAN11,Yunke Zhang (张云柯),8860
2011LING02,Rodson Lingad,8860
2021THOM03,Niklas Thomßen,8876
2017PIHE01,Remo Pihel,8885
2018JONE05,Sandy Aaron Jones,8888
2013ZOLL01,Ben Zoller,8890
2018PARA15,Richard Anthony Parada,8892
2021WARC01,Dominika Warchoł,8900
2022ABDE02,Yousif Abdelaal-Wait,8924
2017PIRE01,Pedro Luiz Ferreira Pires,8953
2018IMTI01,Muhammad Saleh Imtiaz,8953
2015ANTO04,Manuel Prieto de Antón,8957
2008SAMP01,Bradley Sampson,8976
2017BEVA01,Thomas Bevan,8978
2017VILL41,Sean Patrick Villanueva,8982
2017BACH09,Gaurav Bachani,8988
2009BLAI01,AJ Blair,8992
2016HOCH02,Chun-Lin Ho (何俊霖),9009
2019JEDR01,Kacper Jędrzejuk,9009
2015BROW03,Elijah Brown,9019
2013MEND03,Louis de Mendonça,9019
2016TUCH02,Cheung-Hao Tu,9024
2012DELI01,Ryan DeLine,9034
2014HARN01,Micki Kanaiya Harning,9040
2013TAKE01,Atsuto Takemura (竹村篤人),9048
2016ZHEN09,Ang Chin Zhen (洪靖程),9052
2009ROTA01,Marco Rota,9054
2016DENG16,Kaemen Te Dengjian,9062
2014KHAR01,Prabal Khare,9066
2012NALH01,Vinit Nalhe,9076
2023CHEJ12,Jiayue Chen (陈家悦),9086
2011CHEN19,Qingbin Chen (陈庆斌),9086
2012SEET01,Nathan Seeto,9088
2013WENS01,Wenshun Zhou (周文舜),9091
2013GARC08,Jesús Lindo García,9093
2016ELAN01,Nitheesh Kumar Elangovan,9095
2015SHAH09,Krish Shah-Nathwani,9114
2013JACO02,Sanjay Jacob,9117
2013MATS02,Fumiya Matsui (松井郁也),9118
2013KRAS02,Michał Krasowski,9127
2022RICH02,Oliver Richards,9128
2015JAKU01,Dominik Jakubowski,9148
2018HOUB01,Bailing Hou,9150
2012QIUR01,Ruohan Qiu (邱若寒),9156
2017PABI01,Magdalena Pabisz,9179
2011SOAR01,Israel Machado Soares,9180
2016LEEC03,Charlie Lee,9187
2019DING02,Yinhao Ding,9191
2014SUBR04,Nitin Subramanian,9194
2017MORG07,Nathanael Morgan,9210
2008KLUN01,Vidar Norstein Klungre,9215
2016STRA05,Yoni Strassberg,9225
2015HAMM01,Billie Hammill,9229
2015RAMI14,Samuel Cuellar Ramirez,9234
2018KODA01,Muhammad Faeyza Koda,9236
2013GILM01,Mateusz Gil,9250
2013TITO02,Georgiy Titov (Георгій Тітов),9257
2011RHEI01,Emanuel Rheinert,9264
2015HIGH01,Liam Highducheck,9279
2005REYN01,Tim Reynolds,9297
2011HAKI02,Ahmad Naufal Hakim,9303
2021BLAK01,Jonah Blakeley,9310
2023KUOK01,Meng Chon Kuok (郭明臻),9315
2016HOLZ01,Laura Holzhauer,9361
2015LOMA01,Fernando Lomazzi,9366
2018ADAM06,Brayden Adams,9394
2017KORO09,Aleksandr Korotenko (Александр Коротенко),9395
2019CANE02,Juan Ignacio Caneppa,9399
2009HARN01,Brandon Harnish,9404
2022BENS01,Nathan Benson,9413
2013HAJU01,Ahn Hajun (안하준),9415
2019CAMP10,Guilherme Santana Campos,9416
2018GOME06,Jaime Calzado Gomez,9418
2017ROLL02,Frederik Rollmann,9426
2010PANL01,Lihuan Pan (潘礼环),9450
2009OLSO01,Christopher Olson,9472
2012OANE02,Şmit Andrei Oanea,9475
2020GUAR01,Marco Guarasci,9477
2017MCLE03,David McLean,9484
2019DEVE06,Tobias Devereux,9490
2013LINC01,Chaohui Lin (林朝辉),9498
2015PARK13,Danny SungIn Park,9516
2014LANG02,Isaac Langer,9528
2018OWIE01,Sebastian Owieczko,9544
2012PETE03,Marcel Peters,9545
2014SORI02,Raine Soriano,9573
2018CHEC02,Haylon Feliz Checo,9591
2012JAME04,Daniel James,9593
2022FERR16,Bastien Ferraud,9595
2009YAUR01,Robert Yau,9602
2022EGUC02,Soshi Eguchi (江口聡志),9606
2022MACC01,Evan Maccagnan,9610
2022MIGU02,David Miguel-Santiago,9611
2019NOGA01,Ao Nogami (野上碧),9622
2015MASO04,Daniel Mason,9626
2016MULL04,Daniel Mullen,9633
2015CORT01,Alfredo David Flores Cortero,9639
2021BUTE03,Alex Butera,9645
2014SATT01,Brandon Satterstrom,9645
2013JIGA01,Gang Ji (纪纲),9650
2018LIEN01,Kasparas Lienys,9651
2019WARE01,Faiz Wareh,9651
2011MOLL01,James Molloy,9653
2012KROK01,Anton Krokhmal (Антон Крохмаль),9660
2022LAGI02,Hugo Laginha,9661
2018HAMK01,Jakub Hamkało,9666
2017SOLE01,Aaron Soley,9666
2008YOUN02,Michael Young,9669
2018WULI01,Li-Wei Wu (吳立偉),9670
2022TANA03,Mahiro Tanaka (田中万尋),9679
2017XUAN03,Shawn Lee Zhi Xuan (李致轩),9690
2020HABE01,Philipp Habermann,9698
2015MUZO01,Zongwen Mu (牟宗文),9699
2018BOND06,Lage Bonde,9704
2019NATS02,Namuun Natsagdorj,9714
2012BEAH01,Ciarán Beahan,9720
2013FRAN04,Ryan Francisco,9728
2013GALL03,Julian Galliano,9730
2016ZHAX06,Xinghua Zhang (张兴华),9731
2016MESZ01,Luke Meszar,9739
2011JEEV01,Jishnu Jeevan,9754
2017LUYI04,Yiheng Lü (吕溢恒),9757
2014KORO02,Vladimir Korovin,9759
2020CARC01,Roberto Carcamo,9767
2017TANM01,Michael (謝富亦),9768
2019MIYA05,Pedro Lobeto Miyamoto,9769
2013LIHU01,Hua-Ting Lee (李華庭),9785
2016JANO01,Jēkabs Janovs,9795
2021MARI04,Paolo Marino,9818
2019GUNT04,Timo Günthardt,9820
2016WUSI01,Siying Wu (吴思颖),9831
2014JAYE01,Eli Jay,9835
2006BUUS01,Henrik Buus Aagaard,9836
2016FOKI02,Denis Fokin,9839
2014IRIA01,Julen Simón Iriarte,9842
2016STAN05,Tom Stanton-Barnett,9844
2012PINT01,Jorge Augusto Siqueira Pinto,9850
2018DREI02,Roberts Dreijers,9850
2012MORM01,Serhii Mormul (Сергій Мормуль),9853
2010CHAN13,Harish Chandramouleeswaran,9858
2018SCHW02,Philippe Schwartz,9862
2021OTSU01,Jamie Otsu,9872
2011ALVI01,Wilson Alvis (陈智胜),9873
2013LOYK01,Nikita Loika,9874
2022CHIS01,Alex Chisăliță-Ignat,9878
2022BLAC01,Adam Black,9884
2013KARS02,Sándor Karsay,9886
2011CAIJ01,Jiawen Cai (蔡嘉汶),9888
2014HARI05,Soundhariya Hariharan,9908
2017SAKA04,Takafumi Sakakibara (榊原隆文),9913
2022HAVS01,Emil Engberg Havsteen,9913
2013CABR01,Christopher Cabrera,9917
2014AVIL05,Mauricio Ademar Carlos Avila,9921
2022LEON11,Lucius Leong,9954
2018SANC03,Angel Armando Jaime Sánchez,9954
2015MATT05,Enzo Mattos,9964
2013AMEE01,Muhammed Ameen,9966
2019THAN05,Krishanth Thangarathan,9994
2014NIET03,Oscar Nieto,10004
2014SCRU01,Pilan Scruggs,10006
2016LIND13,Mc Kenley Lindong,10012
2009OLSS01,Henrik Olsson,10013
2007BODO01,Bertalan Bodor,10018
2013SANT13,Sergio Torrijos Santano,10020
2014ZHAO10,Jiazheng Zhao (赵家正),10026
2013CRAI01,Howie Craig,10033
2008MHLS01,Joris Mühlsteff,10055
2016MALA01,Akash Malajpure,10072
2015CLAR03,Andrés Claros,10083
2022PREC01,Dennis Preciado,10098
2010DESJ01,Jules Desjardin,10100
2016FARR03,Tyler Farr,10101
2014KIPR01,Tommy Kiprillis,10106
2017KLEI02,Luis Kleinheinz,10120
2016KENN01,Zak Kenny,10142
2017RAKS01,Aris Raksamani (อริศม์ รักษมณี),10146
2017RAMI07,Kurt Ramirez,10152
2023MISH03,Kirill Mishchenko,10168
2014GULA02,Abdullah Gulab,10173
2018AKAM01,David Akamine,10177
2015PERE29,Manuel Aleandro Chang Pérez,10186
2015CLAR02,Alexander Claros,10198
2019VENZ01,Daniel Venzke,10200
2016BAIR01,Samuel Baird,10202
2019BELL10,Jack Bellomy,10213
2010WANG53,Jiayu Wang (王佳宇),10214
2017TIMM01,Ben Timmons,10228
2016KASI01,Lorenzo Franco Kasilag,10230
2012KOST02,Vladimir Kostin,10232
2015ZHAO22,Yuanjin Zhao (赵元谨),10242
2016MARR03,Tyler Marr,10262
2011OBLA01,Alexey Oblaukhov,10263
2017NING02,Zhengli Ning (宁郑立),10266
2016WETZ01,Leonard Wetzel,10269
2012ZAKE02,Dušan Zakelšek,10284
2019HALL04,Caleb Hall,10297
2013DICK01,Matthew Dickman,10303
2015ROBI04,Tyler Robinson,10306
2021KOVA01,Ivan Kovach (Іван Ковач),10318
2018AHMA02,Adam Ahmad,10319
2023DORI01,Dorian Chan,10341
2019AMIB01,Etai Amibar,10351
2022YUSU01,Bekzodjon Yusupov,10366
2017CHEJ02,Jianghao Chen (陈江浩),10378
2017ZHAN96,Zhijian Zhang (张志坚),10381
2023MAND08,Reece Manders,10392
2018SAMK01,Max Kwok U Sam (郭愉琛),10403
2018ZOUX03,Xieben Zou,10406
2017MOAJ01,Zabir Bin Moaj,10428
2008MORE02,Hippolyte Moreau,10428
2018HSIU01,Tam Shen Hsiung (譚昇雄),10435
2015FAUG01,Marike Faught,10453
2017PETE04,Tripp Peters,10460
2018MEIR04,Assylkhan Meirkhanov (Асылхан Мейрханов),10481
2015XION03,Max Xiong (熊锐明),10482
2017YANG75,Hyeok Yang (양혁),10493
2017TRAN21,Kenneth Tran,10497
2019RODR38,Thiago de Oliveira Rodrigues,10506
2017SANT12,Renan da Cunha Santos,10509
2015HARR03,Chad Harris,10517
2014DING02,Xingyan Ding (丁醒炎),10522
2010MARI02,István Márián,10532
2014ESTR01,Bértil Estrugo,10537
2015RAHH01,Hyun-Kyoo Rah (나현규),10547
2022IDZE01,Renske Idzenga,10549
2017RONA02,Alon Ron,10556
2014PRIC01,Oliver Price,10559
2003HARD01,Chris Hardwick,10560
2007TAMB01,Leonardo Tambellini,10583
2016BATT04,Alberto Batti,10588
2014CHIC01,Christopher Chi,10594
2022LEON13,Rence Leon,10599
2014HAMM01,Jason Hammerman,10601
2020MIRZ01,Paul Mirza,10608
2014BILG01,Jason Bilgrei,10629
2017WANZ07,Zhijian Wang (王志坚),10630
2017LAWR04,Timothy Lawrance,10633
2010CHEN20,Lin Chen (陈霖),10645
2022NIEP01,Tomas Nieponice,10651
2012DROZ02,Radosław Drozdowicz,10658
2017TEIC01,Cyril Teichmann,10661
2015KOEN01,Christian König,10662
2008AURO01,Sébastien Auroux,10663
2007CHAN04,Simon Chanin,10669
2016AUST05,George Austin,10670
2016MORA24,Sean Moran,10675
2017MIYA04,Ryutaro Miyazaki (宮崎隆太郎),10681
2017EXNE01,Carl Emil Exner,10688
2011FIOL01,Alberto Pérez de Rada Fiol,10693
2023DANT01,Michel D'Antoni,10702
2014UKEY01,Mayur Ukey,10708
2018PANT03,Zamir Pantoja,10712
2018BOFF01,Jacopo Antonio Boffa,10716
2011CHAP01,José Leonardo Chaparro Prieto,10717
2017OPRE02,Mara Oprea,10730
2018BESE02,Egor Besedin (Егор Беседин),10730
2007HERN02,Joel Hernández,10733
2022SZCZ03,Johanna Szczesny,10747
2015BART01,Luboš Bartík,10748
2010BZDZ01,Bartosz Bździel,10762
2022REID01,Christopher Reid,10770
2019TRAN11,Leon Tran,10775
2019HOIN01,Preston Hoing,10785
2018HOUY01,Yu-Chi Hou (侯宥圻),10802
2019TAYA01,Rich Tayag,10805
2015DHIR02,Jay Dhiru,10814
2018LUOY02,Yangming Luo (罗扬铭),10819
2015PART04,Harvie Partridge,10820
2018GOME29,Frederico Canal Gomes,10825
2016REYE01,Arnold Christian Reyes,10832
2018FOLD01,Lars Johan Folde,10834
2018LINB02,Bo-Yu Lin (林柏佑),10840
2016DERO04,Fabio De'Rose,10840
2023TORO02,Fabián Sánchez Del Toro,10840
2015ZHAO07,Xun Zhao (赵洵),10859
2018HUMP01,Josh Humpherys,10867
2016GALA04,Andrés Rodríguez Galán,10872
2016KRUE01,Ivan Krueger,10886
2020WONR01,Raymond Wu Won,10898
2017PETR02,Mihail Petrochenkov,10904
2010RAIH01,Fakhri Raihaan,10928
2008VARG01,Dániel Varga,10934
2018AZEV03,Pedro Azevedo,10948
2006GARR01,Lucas Garron,10958
2019MELC02,Piotr Melczewski,10960
2017GARC55,David Bautista García,10980
2013HAYA02,Yuto Hayaki (早木悠斗),11002
2015KHAN18,Muhammed Shehzad Khan,11010
2009SIEW01,Darren Siew Ee Yaang (蕭奕暘),11010
2016NIMI01,Mingxuan Ni (倪铭轩),11012
2009CONT01,Giovanni Contardi,11013
2017PANG07,Jonathan Pang,11032
2017HERR02,Valentin Herrera,11058
2015WITM01,Mattheo de Wit,11069
2015RIZZ02,Luca Rizzi,11072
2012CALL01,Will Callan,11084
2011BERG02,Anders Berggren,11092
2019KARP03,Bartosz Karpiński,11103
2018MORE19,Daniel Alejandro Torres Moreno,11120
2003WINO01,Ian Winokur,11138
2011HERE01,Yannick Tonatiuh Napsuciale Heredia,11139
2013BROW04,Evan Brown,11146
2016ROLZ01,Alwin Rölz,11159
2010RICH04,Yannick Richter,11179
2008DONG06,Baiqiang Dong (董百强),11180
2021SCOT05,Nathan Scott,11185
2013KODA01,Satoshi Kodama (児玉聡),11187
2015CLAU02,Carson Claud,11187
2014BAAR01,Daan Baartmans,11196
2018NEMI01,Aditya Nemiwal,11201
2018ARGU01,Christopher G. Argueta,11208
2018GAMB02,Hans Dominic Gamboa,11213
2019CHEY31,Yen-An Chen (陳彥安),11215
2018POLK03,Ivan Polkanov (Иван Полканов),11217
2019NOMU01,Yuki Nomura (野村優希),11232
2018CRUZ17,Ricardo Zapata Cruz,11233
2012HUAN12,Ping-Yueh Huang (黃品越),11235
2017FLOR35,Jorge Mario Gurdián Flores,11251
2016DESS01,Nevo Dessau,11252
2017HICK06,Maeve Hickey,11261
2012WENI01,Ivan Lew Yi Wen (刘义文),11264
2019NORD06,Elias Nordlund,11275
2009HILD01,James Hildreth,11276
2018SONG20,Yuxuan Song (宋宇轩),11286
2016CHEJ04,Jianxu Chen (陈建旭),11295
2014MOCH01,Shinji Mochizuki (望月真司),11309
2017VILL30,Carlos Villanueva,11314
2016MEUN02,Pierre Meunier,11314
2018MAOJ03,Jianhao Mao (毛建昊),11341
2010WANG07,Yinghao Wang (王鹰豪),11344
2018LUND01,Natanael Lundberg,11352
2011MAHT02,Natthaphat Mahtani (ณัฐภัทร จี มาทานี),11367
2018XIAR01,Read Xia,11371
2016RAZZ01,Nikita Razzamazov (Никита Раззама́зов),11373
2015YAKH01,Daniel Yakhkind,11377
2008DANG01,Bobby D'Angelo,11389
2017ABAR02,Joaquin Abarca,11409
2017CHAV07,Fernando José Muchuch Chavez,11419
2019MARI16,Sebastián Morón Mariscal,11424
2007LUCH02,Luchen Zhang (张录辰),11427
2016AOKI02,Ryota Aoki (青木涼太),11429
2015VUJA01,David Vujasić,11440
2015MEHT08,Yash Mehta,11452
2011VARG03,Toni Varga,11461
2019YEEO01,Oscar Wong Jing Yee (王敬宇),11491
2021LUMK01,Kalvin Lum,11504
2008WUKU01,Kuo-Hau Wu (吳國豪),11516
2009OKAY01,Tomoaki Okayama (岡山友昭),11517
2017OWEN01,Harry Owen,11526
2015IMMO01,Markus Immonen,11541
2013VALL03,Thomas Valles,11554
2017LUND06,Joel Lundström,11559
2018BEEN01,Thijs Beentjes,11567
2014TEJA05,Pamulapati Sai Teja,11572
2017FEBR01,Ariq Rifqi Febrian,11592
2015SORI03,Aldrin Alba Soria,11604
2019LEFE02,Maxime Lefebvre,11608
2017LOUY01,Yunhao Lou (娄云皓),11619
2020BERM02,Adam Bermingham,11621
2015MATH01,Aabhas Mathur,11629
2015JAJA01,Kush Jajal,11643
2011TANG04,Hongyuan Tang (唐鸿远),11654
2023MITT03,Alexander Mittermüller,11668
2006TSAO01,Andy Tsao,11692
2012ACHA01,Carlos Pedro Casado de Achával,11699
2010SHID01,Naufal Shidqi,11726
2010BREC01,John Brechon,11742
2016KOBA01,Taiki Kobayashi (小林大輝),11750
2016CHIL02,Akshaansh Chilakapati,11767
2018WILL27,Joseph Williams,11778
2012HAMA02,Yuichi Hamada (濵田祐一),11784
2018RIAB01,Yurii Riabov (Юрій Рябов),11792
2009PLES01,Michał Pleskowicz,11793
2013MAHE02,M Aashrit Krishna Sankaran,11798
2012TOKA02,Tomasz Tokarski,11799
2015LUND03,Einar Kvam Lundberg,11806
2022WSZO01,Jerzy Wszołek,11813
2022HATA01,Kai Hatano,11814
2014PAVE01,Andrea Pavese,11826
2015CLAR13,Steve Clarke,11832
2015FLAC01,Lucas Flach,11845
2016REGA03,Jovito Miguel Regalado,11861
2019MACD02,Breton MacDonald,11871
2023MART18,Caleb Alonzo Martinez,11878
2015XUXI01,Xiaohu Xu (胥啸虎),11892
2017FURL02,Guilherme Cruz Furlan,11903
2022GUFL01,Michael Gufler,11906
2016FRAN20,Andrew Franklin,11935
2012SANT12,Rafael Rodriguez Santana,11947
2019ERLA01,Magne Johannes Erlandsen,11955
2022HARE01,William Haresch,11956
2009WHIT01,Ben Whitmore,11962
2014LALI01,Ishaan Lal,11972
2022SANG08,Supakrit Sanghiran (ศุภกฤต สังข์หิรัญ),11974
2015JIJI02,Jingxiang Ji (吉井祥),11976
2013MACI01,Adrián Martínez Macías,11977
2008CARU01,Lucas Santiago Bernhardt Caruncho,11983
2022ALEK01,Filip Aleksić,12004
2008PEPK01,Marek Pepke,12005
2013ROGA02,Przemysław Rogalski,12007
2022PEMM01,Karthikeya Abhiram Pemmaraju,12008
2010RAHM02,Cendy Cahyo Rahmat,12013
2017GAYN01,John Gaynor,12042
2015CRUZ04,Bryan Kevin Jimenez Cruz,12046
2012LAHL01,Fabian Löhle,12061
2014BUEH01,Manuel Bühler,12063
2019ROEJ02,Jack Roe,12067
2013ZHEN11,Yuyang Zhen (甄禹扬),12068
2017POPK01,Nikita Popkov,12071
2020BESS01,Patrick Bessel,12078
2021PIUM01,Fabio Piumatti,12081
2010JIMO01,Mo Ji (季默),12096
2019KEDZ01,Adam Kędziorski,12099
2015YOSH01,Yuji Yoshida,12100
2009BONN01,Pauline Bonnaudet,12108
2014WANG48,Dylan Wang,12110
2018TOIP01,Phạm Văn Tới,12110
2017BRYA06,Aedan Bryant,12120
2017YIIC01,Chloe Lee Synn Yii,12156
2015OMOR01,Nicolas Jashchenko Omori,12163
2016HOBB01,Emmet Hobbs,12171
2014OHLE01,Simone Bentlage,12176
2015PERC01,Fan Derlentz Perceval,12179
2018SATO01,Sora Sato,12184
2004CHAN04,Shelley Chang,12206
2007JOON01,Joon Ho Park,12210
2016REIL03,Justin Reilmann,12211
2014FANG01,Samuel Fang,12218
2016BOUR01,Noé Bourdon,12221
2016XIZH01,Zhifang Xi (席之枋),12223
2015BOBO02,Jeric Bobo,12232
2015SALL01,Calvin Sall,12234
2022STON03,Tuval Stone,12244
2014CLAR03,Caleb Clark,12247
2008HEJJ01,Norbert Héjja,12255
2015SABI01,Mohammad Ibnu Sabilillah,12264
2015KODA01,Om Kodavali,12266
2012SZEL01,Tommy Szeliga,12282
2018TING05,Ming Dao Ting,12292
2016MAHA07,Shubham Maharana,12295
2012ZABR01,Ivan Zabrodin,12308
2019MORR07,Ryan Morrison,12310
2015DAIS01,Shifei Dai (代时飞),12321
2020TONG02,Draco Tong,12324
2022SHAP06,Oscar Shapiama,12325
2021ANDE05,Jack Anderson,12327
2013LEON03,Hollwann Leon,12329
2019POUL02,Brandon Poulton,12334
2018VITT03,Rohan Vittal,12343
2014PARK08,Tae Ho Park,12361
2021LAMP01,Elias Lampert,12367
2017FLOR05,David Verdooren Flórez,12371
2016ZHIT01,Maria Zhits,12382
2010MISA01,Akira Misawa (三沢昂),12385
2012DYGI01,Wonder Dygico,12401
2023TAHV01,Baran Tahvildar (باران تحویلدار),12418
2009WANG21,Guanghua Wang (王光华),12425
2018MART18,Laura Freitas Martín,12441
2013CRON01,Conor Cronin,12442
2014VERT01,Genesis Vertudez,12451
2007HABE01,Tim Habermaas,12458
2019YIMA01,Aiden Yim,12466
2014CABR05,Ernesto Cabrera,12468
2017KROK01,Bartłomiej Krokos,12474
2015JOLL02,Acchyut Jolly,12489
2022WANG25,Allan Wang,12497
2015VEER01,Pranav Veera,12497
2018YERK02,Yerkin Assylbek,12520
2012GOLI02,Mehrzad Goli (مهرزاد گلی),12530
2018MACH13,Niclas Mach,12576
2017THIO01,Noémie Thiollier,12576
2017KOST06,Roman Kostyukov,12576
2017DURE01,Ryan Durette,12588
2019DREW01,Oliver Drew,12593
2013GOME02,David Ruscalleda Gómez,12613
2011KERN02,Patrick Kern,12631
2012BENS01,Jared Benson,12654
2017KABE01,Sol Kabeemer,12654
2016GREE04,Steve Greer,12655
2018VILB01,Thibault Vilbois,12663
2014ESPI01,Richard Espinosa,12665
2015ROYC01,Ben Royce,12676
2022STOJ03,Antoni Stojek,12690
2013TOKA01,Piotr Tokarski,12695
2016ACUN04,Brian Acuña,12700
2007GOTA01,Ángel de Jaén Gotarredona,12726
2014KAMA02,Yulia Kamaltdinova,12729
2021QUYI01,Yi Qu (曲熠),12731
2015POWE03,Parker Powell,12742
2007VALK01,Mats Valk,12774
2021SPIE01,Achim Spies,12775
2006TABU02,Yumu Tabuchi (田渕雄夢),12793
2017FURE01,Dominik Fürer,12800
2014SULL02,Matt Sullivan,12820
2015YINC01,Chan Hay Yin (陳希言),12830
2007GOHO01,Choi Goho (최고호),12833
2012GARC06,Pedro Trujillo García,12862
2013GERH01,Kevin Gerhardt,12871
2019SIER04,Matthew Sieredzinski,12887
2017CALD04,Roberto Caldas,12897
2014BLAI02,Mayron Blain,12908
2017KUMA42,Anil Kumar,12918
2015JIEL01,Lau Jun Jie,12926
2013CONA01,Michael Conard,12933
2014MARO01,Thibaut Maron,12938
2016BUST04,Alberto Arturo Ayllón Bustos,12943
2011KUMA01,Akula Pavan Kumar,12961
2017WANQ06,Qifan Wang (王启帆),12995
2021WALC02,Miles Walcott,13000
2017XIAN12,David Chong Kai Xiang (张凯祥),13006
2017HARV02,Luc Harvey,13017
2022TIMM01,Cas Timmermans,13021
2010KILD02,Wilhelm Kilders,13024
2022CHIN05,Oliver Chinery,13030
2022YAGI03,Aiki Yaginuma (柳沼愛輝),13046
2010KIPA01,Jakub Kipa,13048
2015SUCK01,Jang Seok Won (장석원),13059
2014MODI01,Lakshay Modi,13092
2018RUST05,Edward Rust,13132
2011PALS01,Shrijan Pal,13144
2019SUNY09,Yuhang Sun (孙煜航),13146
2020PALL01,Oliver Pällo,13156
2012NICO02,Alessandro Nicolì,13157
2011SHAH01,Dharmesh Shahu,13158
2016EVAN06,Daniel Evans,13161
2017MCNE01,Dallas McNeil,13182
2019MORG10,Danny Morgan,13184
2019GEAA01,Albert Garriga Gea,13191
2011LIMA01,Allyson Dias de Lima,13201
2013AYAL03,Duval Valdes Ayala,13219
2011KNOT01,Wojciech Knott,13230
2014PEAR02,Maverick Pearson,13235
2016TABA01,Frenz Edrian Tabaniag,13235
2011REYN02,Alban Reynaud,13240
2020ARTZ01,Eddie Artze,13266
2014STEL02,Noah Stelting,13273
2011ANGG04,Mokhamad Aguk Nur Anggraini,13293
2015HUDO01,Hafizh Dary Faridhan Hudoyo,13293
2022SAMS03,Ignacy Samselski,13313
2019GOFF01,Roger L. Goff,13316
2015ROND03,Luis Fernando Diaz Rondón,13323
2021WANG31,Zixuan Wang (王子轩),13339
2012CHIE01,Tiffany Chien,13341
2016XIEY03,Yikang Xie (谢轶康),13368
2017PONO01,Mihail Ponomarev,13369
2013GOYA01,Henry Hideki Goya,13375
2017PLEI01,Coleton Pleiss,13388
2023LANG03,Alex Rosado Saez de Langarica,13407
2022KUGM01,Yotam Kugman,13412
2017ILIN01,Maxim Ilin,13450
2013MORE11,Pankaj More,13455
2022SZAN01,Daniel Ekeblad Szanto,13464
2022TAWE01,Pittinun Taweewattanasophon (พิตตินันท์ ทวีวัฒนโสภณ),13465
2022LANT01,Philip Lanthrum,13466
2017JINJ02,Jintao Jin (金锦涛),13467
2017QUER02,Aria Querubin,13474
2017ODOR01,Francesco Odorizzi,13476
2010ADHI01,Stephen Adhisaputra,13492
2015FENG12,Junqi Feng (冯骏骐),13495
2018ALEX06,Michael Alexander,13499
2016STAB01,Fabian Staber,13512
2014GRIG01,Stephen Griggs,13514
2018DUBI01,Łukasz Dubicki,13517
2009PROV01,Matteo Provasi,13519
2016SORI04,Luigi Soriano,13539
2017AJCA01,Juan Jose Ajcam,13552
2024LAND01,Celso Reis Vasconcelos Landim,13553
2011BOIS01,Thierry Boisivon,13567
2019QUIS07,Michael Quispe Quispe,13575
2021DIAZ03,María Julieta Diaz,13578
2017HUYN05,Aaron Huynh,13579
2015STAU01,Jan Staubach,13591
2013WUFA03,Fazhen Wu (吴法臻),13593
2012ELLI01,Keaton Ellis,13594
2019MUET01,Michael Muething,13621
2014LUKI03,Andris Lukijans,13622
2022ACAR01,Ahmet Faruk Acar,13631
2018ALMU03,Saoud Abdulaziz Almutawa,13638
2022NAGO03,Takeo Nagoshi (名越丈雄),13643
2023DIML01,Ian Dimler,13654
2019KOSA01,Yusuke Kosaka (髙阪優輔),13654
2016VENK03,Siddhi Venkatesh,13655
2017MUMT01,Aufan Ahmad Mumtaza,13655
2016SIMK01,Samuel Simko,13669
2018MEHM02,Esra Mehmedova,13672
2015MEDE01,Felipe Medel,13674
2022VENK14,Anish Venkataraman,13691
2013MARC05,Vako Marchilashvili (ვაკო მარჩილაშვილი),13691
2015MUDG01,Sanket Mudgalkar,13702
2015NICH04,AJ Nicholls,13706
2013MORA02,Raúl Morales Hidalgo,13708
2010YANG16,Muyi Yang (杨慕屹),13710
2011WANG52,Xiaowei Wang (王晓伟),13717
2015GREI01,Daniel Greigg,13725
2019HEIK02,Veikko Heikkinen,13745
2022CHEU02,Gordon Cheung,13752
2023JONG01,Ansel de Jong,13754
2010SABA01,Sergi Sabat,13761
2017LARS03,Michael Larsen,13769
2017MEYN01,Elias Meynckens,13775
2007PERG01,Olivér Perge,13777
2016FLOR24,Axel Flordal,13809
2014RUIZ10,Kevin Arturo Huamán Ruiz,13810
2016CIRG01,Vilius Čirgelis,13812
2018BOHN04,Stephen Bohner,13819
2015SHET05,Arjun Shetty,13823
2012TILG02,Arvis Tilgalis,13835
2008HASH02,Wataru Hashimura (端村航),13835
2011MOLI01,Alberto Masó Molina,13844
2005SUSE01,Yuji Suse (巣瀬雄史),13887
2019WHIT10,Lewis White,13891
2012JIAN07,Shikai Jiang (江侍锴),13915
2021SHIN01,Ji In Shin (신지인),13938
2019PERE08,Sávio Alves Cabelo Pereira,13943
2016CHES01,Owen Chester,13947
2017TUMI02,Joel Mamani Tumiri,13976
2022SUND04,Sundararajan,13977
2014JOYO01,Yong Hyeon Jo (조용현),13980
2022COLL06,Andrew Collings,13986
2021ZHUR03,Ronnie Jinxuan Zhu (朱缙轩),14001
2017BLAC06,Ash Black,14004
2008JEWR01,Ryan Jew,14005
2008VIRO01,Philippe Virouleau,14006
2017TECU01,Adolfo Ortega Tecuapacho,14018
2018DUOZ01,Duo Zheng (郑铎),14020
2018JIAO01,Jie Jiao (焦杰),14031
2016SILV08,Nick Silvestri,14031
2018BAIX03,Xingyu Bai (白星宇),14032
2016BROO08,Owen Brooks,14038
2017KODI01,Asadbek Kodirjonov,14075
2012SHEN02,CJ Sheng,14080
2018SCHO07,Ryan Schock,14083
2018SKAL02,Andrew Skalski,14090
2016HARL01,Jason Harley,14139
2022ZIVA01,Amitai Ziv,14140
2013ERTA03,Sadık Ertaş,14146
2018FAIR01,Max Fairbanks,14159
2015VANL01,Luke Van Laningham,14165
2019SHOG01,Stevie Shogren,14183
2019HORV01,Katalin Horváth,14189
2013SCHM02,Thomas Mæhle Schmidt,14194
2018LIAO08,Zheyu Liao (廖喆宇),14205
2014ISHI04,Natsuki Ishizawa (石澤夏希),14213
2022GILB05,Sophie Gilbert,14215
2023FLEM01,Jude Fleming,14215
2017FRIS01,Jesper Frisk,14242
2015HSIE02,Ho Hsieh (謝合),14248
2016DING05,Tianping Ding (丁天平),14251
2014ZAIT01,Mykyta Zaitsev (Микита Зайцев),14266
2019BONN05,Chris Bonnello,14269
2013ABER01,Peter Åberg,14287
2011ARAY01,Aníbal Araya,14295
2023MANA10,Karri Kranthi Manaswi,14308
2012ZAVA01,Michael Zavalza,14339
2006KASP02,Sander Kaspers,14348
2015COPA04,Juan Marcelo Leon Copali,14356
2018HEAT01,Luke Heath-Edwards,14357
2010COOK01,Tessa Cookmeyer,14360
2018MATY02,Adrien Auvray Matyn,14363
2017TURC02,Sorin Turculeț,14391
2013JEZI01,Szymon Jeziorski,14408
2013VASI02,Vasile Dan,14411
2018AKER01,David Akerboom,14413
2022MENS01,Lucas van Mens,14432
2022MART06,Viggo Martinsson,14434
2023DEME02,Luke DeMeo,14438
2013BURL01,Łukasz Burliga,14439
2015VILL14,Mervin Villaceran,14462
2017ERSA01,Ernur Ersayynov,14467
2015REIC02,Brandon Reichman,14475
2019IGNA02,Alexandru Ignat,14494
2021CHEN43,Hung-Tsang Chen (陳泓滄),14519
2016SANT03,Andrey Conceição,14524
2017AIRD01,Steven Aird,14554
2018SEON02,Kwon SeongGu (권성구),14571
2015CHEN87,Pengwei Chen (陈芃威),14574
2017BAUM02,Jordan Baum,14574
2018RAZI01,Michael Ben Raziel,14586
2014RONG01,Jonas Rongé,14599
2014SUNG01,Guowei Sun (孙国卫),14610
2014JIME05,Diego Alejandro Casas Jimenez,14617
2019IBRA02,Nordarwish Akmal Bin Noor Ibrahim,14623
2018MACI02,Logan Maciejewski,14635
2016MITC06,James Mitchell,14636
2013OZCE01,Mutlu Özçelebi,14639
2016AGRA01,Alex Agranov,14642
2017KITA01,Akatsuki Kitamura (北村曉),14647
2018JEON01,Hajin Jeon (전하진),14663
2012MAHV01,Paul Mahvi,14688
2022GOOD11,Todd Goodwin,14696
2017GRBL01,Gintaras Grėbliūnas,14703
2016LINP04,Penghe Lin (林鹏河),14707
2014HALE02,Lee Seung Ha (이승하),14713
2016FARR01,Cormac Farrell,14731
2022MATY01,Ben Matyas,14735
2017LIND01,Leo Lindqvist,14736
2013POMI01,Kamil Pomietło,14739
2014KARN02,Daniel Karnaukh,14744
2019REDI02,Dominic Redisi,14748
2021FORB01,Harry Forbes,14749
2023DIVB01,Lena Divband (لنا دیوبند),14768
2014JITT01,Itthikorn Jittaveeroj (อิทธิกร จิตทวีโรจน์),14775
2018VARG10,Luis Vargas,14785
2023CONG01,Loh Yi Cong,14786
2017ROJA17,Eduardo José Poveda Rojas,14792
2019ORDO01,Andrés Gutiérrez Ordóñez,14796
2018BALL01,James Ballantine,14805
2009SANT01,Simone Santarsiero,14808
2013ZHUR03,Vladimir Zhuravlev,14826
2005BOUC01,Craig Bouchard,14827
2012PATE01,Antonie Paterakis,14828
2011GREE03,Adam Greenwood,14829
2019AKEH01,Joe Akehurst,14835
2011ANON06,Anonymous,14842
2013ARIZ01,Miguel Angel Ariza,14857
2011BHAT02,Girish Bhatia,14858
2013GERT01,Nicolas Gertner Kilian,14862
2019SUNT01,Tianyu Sun (孙天宇),14872
2010LAND01,Angel Arrioja Landa,14876
2021KIMB01,Benjamin Kimber,14880
2022CARP05,Owl Carpenter,14883
2014BAIR01,Ray Bai,14903
2015BASA02,Ethan Basanov,14919
2022SUSA02,Jovan Susanto,14920
2018DUKE01,Preston Duke,14930
2016SUYU02,Yunpeng Su (苏云鹏),14948
2017PRES02,Peter Preston,14954
2023KUMA09,Sukruth Sateesh Kumar,14956
2012ADRI01,Adrian Roșu,14970
2008ASIS01,Kristopher De Asis,14976
2015CHAL01,Helar Gomez Chalco,14977
2022JORM01,Marcus Jormin,14991
2017NYLE01,Alvar Nylén,14995
2009TIRA01,Javier Tirado Ortiz,15027
2022SHAR36,Panashe Sharma,15029
2018ZENG01,Edward Zeng,15031
2013ERTA02,Nurullah Ertaş,15049
2020REJD01,Gabriel Rejdych,15056
2017COLI04,Vincent Colin,15064
2023OLIV26,Henrique Pietro Muraro de Oliveira,15075
2015LEEJ02,Jerich Lee (李再圆),15084
2015RHOD02,Landon Rhodes,15084
2023ROBE05,James Robertson,15086
2012CHAJ01,Joon Cha (차준혁),15099
2015WIDD01,Owen Widdis,15112
2019BAKE06,Nicholas Baker,15128
2016DIET01,Amelie Dieterich,15134
2015SPEN01,Sam Spendla,15139
2019HEID03,Thomas Heiden,15141
2015FELI01,Walter Felix,15144
2010KHOO01,Damon Khoo,15161
2011ALLU01,John Allums,15171
2014DAYM01,Max Day,15174
2013MORA08,Gabrielle Morasse,15183
2016NILS03,Filip Nilsen,15192
2013LEER01,Ryan Lee,15217
2015ALAN02,Sebastian Alanen,15218
2017KALI04,Jonathan Kaliffe,15240
2016KINS01,Sheng Foon Kin,15251
2016ROMA04,Ruslan Romanenko,15255
2014JANE01,Piotr Janecki,15273
2015WANG90,Guoqiao Wang (王国桥),15278
2017ZHUA02,Yifan Zhuang (庄一凡),15285
2011LUDW01,Timo Ludwig,15287
2021BRUD01,Enzo Bruder-Jeannot,15299
2016THOM01,Jaden Thompson,15299
2017GOLD02,James Golding,15300
2013GUYU01,Yu Gu (谷雨),15300
2023BARW01,Wesley Barwinski,15323
2018SCHE13,Tyler Schepanski,15345
2013OBLE01,Jakob Obleser,15345
2023FAUR01,Marianne Faure,15355
2016YANG20,Tian-Sin Yang (楊天心),15357
2016ELOV01,Viljo Elo,15366
2018KIMS08,Su-min Kim (김수민),15366
2017KUMA30,Sukesh Kumar,15370
2015ZHYD01,Vladyslav Zhydkov (Владислав Жидков),15380
2014SAID02,Alfred Saidlo,15399
2012XIAR01,Ruoyu Xia (夏若愚),15419
2017PARK04,Alex Parkhurst,15419
2014BELK01,Sean Belke,15421
2017ALEM01,Juan Carlos Monroy Alemán,15444
2011IRIF01,Asato Irifune (入船朝斗),15448
2021TURP01,Paúl Alexis Urrutia Turpo,15448
2014OLIV14,Gabriel Leonardo Martins de Oliveira,15452
2015CHEN30,Xuan Chen (陈炫),15459
2011GROG02,Shane Grogan,15461
2017AVIL07,Manuel José Domínguez Ávila,15468
2012CAPP01,Gabriele Cappelletti,15469
2016GOTT01,Benjamin Gottschalk,15476
2007COMP01,Emile Compion,15491
2022PART01,Eitan Partush,15503
2022EGUC03,Kanako Eguchi (江口佳奈子),15541
2016HOLD04,Joanna Hołdakowska,15548
2014BOYL01,Alex Boyle,15552
2013HUAN07,Andy Huang,15557
2011FYDR01,Mateusz Fydrych,15569
2011GJER02,Ole Nikolai Gjerset,15576
2021HUEB01,Noemi Hueber,15579
2016LUKU01,Kun Lu (陆堃),15628
2016SILV07,Joonas Silvennoinen,15629
2016IDRU01,Muhammad Fauzan Bin Idrus,15649
2014SALA15,Luis Sinhue Medina Salas,15652
2015FAVA01,Alessandro Fava,15668
2022TSYP01,Daniel Tsyporin (Даніель Ципорін),15681
2010ZHAO11,Jibo Zhao (赵吉波),15689
2021SAMB01,Chris Sambrooks,15695
2016LAIL01,Lin Lai (赖林),15719
2020YEHE01,Ethan Yeh,15723
2016DONG02,Wenyu Dong (董文宇),15723
2011SALG01,Daniel Cano Salgado,15738
2021LEBO01,Maxence Leboeuf,15753
2015VACA01,Rodrigo Paz Vaca,15767
2012PLAC01,Gianluca Placenti,15770
2014MENO01,Jomar Menor,15778
2023LIMB01,Benjamin Sun-Geun Lim,15808
2022CHAP06,Douglas Chaplow,15824
2023DORO05,Dominik Dorocák,15824
2012VERS03,Bas Verseveldt,15826
2016LIUX15,Xuan Liu (刘璇),15827
2012CHON03,Chao-Che Chung (鍾肇哲),15841
2015CLEM03,Nox Clémenceau,15853
2005HANT01,Norbert Hantos,15856
2022RAUN01,André Raunehaug,15868
2014ENES01,David Serban Enescu,15876
2014GISB01,Abel Pérez Gisbert,15878
2016GULI02,Salvo Gulisano,15892
2019SKRL01,Nik Škrlec,15895
2016SOUS06,Pedro Teotônio de Sousa,15897
2020QUAN03,Vũ Hồng Quang,15902
2019GOKM01,Ozan Gökmen,15936
2015SANC02,Piero Sánchez,15973
2017KIRA01,Kalyani H. Kiran,15983
2011TORG01,Ivan Torgashov (Иван Торгашов),16006
2022TIND01,Anthony Tindal,16049
2021TOME01,Vojtěch Tomeček,16051
2022KAWA02,Takumi Kawazoe (川添匠),16055
2018PRAS05,Atis Prasitvatanakul (อธิษฐ์ ประสิทธิ์วัฒนะกุล),16059
2014SORI05,Christian Gómez Soria,16061
2019SHUL03,Denys Shuleshchenko (Денис Шулещенко),16075
2019GIOR02,Marco Giordano,16078
2013HEIN01,Felipe Ritter Heinzelmann,16085
2018CHOW04,Rafael Chowindra,16088
2015DUBR01,Egor Dubrovskiy,16092
2017JIHA01,Jihaobutao (冀好布套),16097
2017EZEN01,Tijn Ezendam,16114
2021STAB01,Tim Staberg,16134
2020TANJ01,Joshua David Tan,16150
2022ESWA01,Komahal Eswaran,16156
2009KRUU01,Uku Kruusamägi,16163
2016BORG02,Aaikham Borgohain,16192
2019SCHM05,Benjamin Schmutter,16234
2011NAMB01,Hari Nambiar,16238
2022BEPA01,Joyneel S. Bepari,16252
2010AZAR01,Nathan Azaria,16253
2017FORS02,Baden Forster,16253
2017WONG01,Brenton Angelo Lo Wong,16254
2016GARC47,Miguel Ángel González-Herrero García,16258
2017RAMI08,Angel Alexis Carrillo Ramirez,16270
2022SHET06,Vishesh Shetty,16275
2014RAJA02,Sandeep Rajaram,16285
2014PAUL07,Joshua Paulus-Rosenow,16290
2012LEEJ05,Jack Lee,16291
2014MUNJ02,Jihu Mun,16322
2016XIAZ02,Zekang Xia (夏泽康),16333
2010IBAR01,Jerónimo Ibarra Bernal,16337
2021WELC01,Alexander Welch,16373
2016SINN01,Eleanor Sinnott,16378
2007NISH01,Kohjiro Nishi (西宏二郎),16384
2012LIUB01,Brandon Liu,16387
2017LAMB06,Andreas Lambropoulos,16389
2014BENA03,Sebastiano Benato,16399
2011AZZO01,Bryson Azzopardi,16408
2018TAKH01,Davron Takhirov,16415
2015VOON01,Liew Yee Voon (劉倚文),16420
2008LINE01,Joe Linehan,16425
2014MUTC01,Alexander Mutch,16426
2005LUCZ01,Grzegorz Łuczyna,16433
2019PILH01,Jonas Pilhöfer,16437
2012IVAN01,Bohdan Ivanytskyi (Богдан Іваницький),16439
2017ZHAN19,Lu Zhang (张陆),16440
2012WANG18,Junyu Wang (王骏瑜),16441
2017FUHO01,Hongyuan Fu (傅泓源),16444
2015NHAT02,Ngô Quang Nhật,16453
2017TENU01,Enrico Tenuti,16478
2022STAN02,Oliver Stanley,16510
2013FARI02,Mitchell Fariss,16524
2019YAOJ01,Jerry Yao,16542
2008OMYO01,Sanae Omyo (大名佐苗),16544
2015TAKE01,Kein Takeda (武田慶胤),16550
2022NAIR06,Ritesh R. Nair,16559
2013BALI01,Tanzer Balimtas,16561
2016LICH02,Ching-Hsiang Li (李清翔),16575
2018ZEMT01,Maksim Zemtšihhin,16582
2008ZHON01,Qirun Zhong (钟奇润),16595
2014PRID01,Ethan Pride,16607
2016KIAC01,Bence Kiácz,16632
2013DIAS03,Wesley Oliveira Dias,16642
2019MAKU02,Grzegorz Makuch,16642
2015MLOS01,Michał Mlostek,16643
2007OMUR01,Shuhei Omura (大村周平),16643
2015XUWE02,Weiming Xu (徐伟明),16647
2012MATS02,Yoshio Matsumoto (松本嘉夫),16650
2010VALO01,Clément Valot,16667
2017YANG62,Marco Yang,16669
2011ZAKR01,Ernest Zakrzewski,16675
2012JEFF01,Billy Jeffs,16675
2012BROU01,Coren Broughton,16676
2014DETL01,Rasmus Stub Detlefsen,16679
2014AKAB01,Aya Ishikura (石倉文),16694
2016CUIY04,Yizhi Cui (崔益智),16701
2018TUPP02,James Tuppenney,16726
2017HOON01,Lai Chun Hoong,16743
2015ZHAN27,Zelei Zhang (张泽磊),16770
2019RYDL01,Mikołaj Rydlewski,16771
2018PANO01,Andrey Panov (Андрей Панов),16773
2017HOFR01,Ryan Hof,16790
2017WOFF01,Roman Wofford,16801
2012WALK02,Adam Walker,16810
2018DURA07,Nathan Durand-Brousseau,16841
2019SHKO01,Biant Shkololli,16846
2014YANG11,Haixin Yang (杨海鑫),16849
2015WUHA05,Han-Lin Wu (吳翰霖),16863
2009SIEW03,Manfred Siew Ee Sheng (蕭奕晟),16867
2019BRUC06,Jack Bruce,16871
2023CHOW01,Fergus Chow,16911
2012JAYA03,Darun Jayavel,16918
2022HSUS01,Niklas Hsu-Storaker,16919
2013STAH02,Joey Stahl,16920
2024MPRA01,Prakash M,16942
2022GRAV02,Christian Templen Grave,16956
2018ABLA01,Ahmet Çınar Ablak,16958
2019PEAR02,Viktor Pearl,16963
2015RAME01,Zach Ramer,16964
2015SUNG01,Gabriel Sungcad,16965
2016FAUS01,Will Faust,16989
2021SALE01,Sofia Saletnich,17005
2017ZHUY07,Charles Zhu (朱彦臣),17005
2016TIAN04,Xiang-Fu Tian (田翔富),17014
2010MACA01,Tamara Macadam,17024
2017HONG09,Seungmin Hong,17059
2019MARK03,Matej Marković,17069
2014TAMI01,Roy Tamir,17080
2008RODR01,Alejandro Riveiro Rodríguez,17085
2017LIWI03,Wilson Li (李超雄),17114
2022HEXT01,Oliver Hexter,17141
2009CHAO03,Chao Liu (刘超),17143
2011THOM01,Justin Thomas,17153
2018SANG01,Erik Tjong Kim Sang,17156
2016SILV02,Luiz Fellipe Oliuza Leal Silva,17173
2013SAYP01,Pablo Say,17193
2014CORD04,Freddy Fernández Córdova,17212
2017LIZH13,Zhichun Li (李志纯),17214
2017HICK03,Tyler Hicks,17220
2012MAYE01,Theo Mayer,17240
2007VUNI01,Nick Vu,17267
2014VIKS02,Antti Vikstedt,17285
2014CHOL01,Luke Cho,17296
2014BLOC01,Josh Bloch,17331
2010TANE01,Gaurav Taneja,17333
2021KULA02,Maksymilian Kulas,17334
2017DAIF01,Fengqi Dai (代凤奇),17360
2017BOLO01,Nima Bolourchian,17361
2016ZATR01,Tomáš Zatroch,17375
2013STRE01,Ben Streeter,17379
2017PATT06,Tyler Patten,17380
2021WALK02,Mats Walker,17385
2017ALMO03,Mohammad Almoumen,17389
2016FUTA01,Ryota Futagami (二神亮太),17389
2014HAGM01,Marcus Hagman,17395
2019CRIP01,Jordan Crippa,17408
2014KOHA01,Thomas Kohann,17432
2017YUZH03,Yu Zhou (周煜),17435
2022SOUZ13,Diogo Junior de Souza,17436
2017HANC02,Chong Hau Han (張浩瀚),17441
2014LEEY01,Young Lee,17441
2010GREG01,Jure Gregorc,17445
2021LINL02,Li-Chen Lin (林立宸),17445
2016ANDE02,Spencer Andersen,17472
2013HUBH01,Hanns Hub,17472
2022PARR10,Max Parris,17484
2019MYSL01,Szymon Myśliński,17485
2017ECHE04,Alejandro Restrepo Echeverri,17528
2014BELL02,Alyssa Bell,17553
2010OMUL02,Matic Omulec,17554
2016AREN01,Jonathan Carlos Santana Arencibia,17560
2017ROSS10,Javier Agustín Rossi,17564
2017SUGO01,Kusnanto Sugondo,17592
2008BUCS01,Gabriel Bucsan,17610
2019ARAS01,Sajjad Arastu,17612
2017ALAY02,Jorge Fernando Barrios Alay,17614
2004GALL02,Clément Gallet,17619
2015BELO02,Pedro Henrique Maciel Ceccopieri Belo,17620
2017MELL02,Laura Mellier,17621
2021BOTT01,Leonardo Bottazzi,17685
2017TRAN25,Celine Tran,17686
2017GONZ40,Josué Ahmed González,17692
2018MITC03,Jayden Mitchell,17696
2018DIAZ09,Paolo Duvan Gallegos Diaz,17700
2010CORM02,Louis Cormier,17709
2017CUDE01,Bryan Le Cudennec,17716
2017AGUI15,Marco Antonio Ponce de León Aguilar,17723
2017YANR02,Ruimin Yan (颜瑞民),17740
2011MELI01,Artem Melikian (Артем Мелікян),17748
2010WUIF01,Yi-Fan Wu (吳亦凡),17800
2008YUNS02,Yunsu Nam (남윤수),17806
2015SKAC02,Evgeny Skachkov,17810
2018LEIV03,Jorge Rodón Leiva,17814
2015CALL05,Zian Kiero Nichole Callao,17815
2016KRUE03,Donna Krueger,17821
2012YEMI01,Michel Ye,17822
2017KISA01,Nipun Kisari,17824
2015JONE07,Oscar Jones,17828
2022MILL05,Evan Millsap,17858
2012SHRI01,Anay Shrikar,17878
2015HIGG01,George Higgins,17894
2018WILS11,Currin Wilson,17916
2018MUKU01,Srishail Mukundan,17925
2011BALA03,Balázs Máté,17928
2012STRA01,Ivar Strangstadstuen,17958
2016GSEL01,Grégoire Gsell,17961
2022HUHA01,Haotian Hu (胡皓天),17973
2014MEND02,Alexis Rodrigo Cazu Mendoza,17993
2015THOM08,Kent Thomson,17996
2010JANG01,Jr-Wei Jang (張智瑋),18014
2012BARI01,Cyril Barigand,18016
2014ERNE01,Joel Ernest,18037
2015ZHUX01,Xingye Zhu (朱星晔),18040
2018CANO02,Franco Cano,18054
2017OSOV01,Ivan Osovik,18063
2015SANC11,Nicolás Sánchez,18072
2014JIAN14,Jerry Jiang,18092
2019DONA03,Yuri Donati,18129
2018BOHA01,Alex Bohac,18130
2014NURH01,Anang Hariyanto Nurhadi,18136
2014STIN01,Jared Stinson,18139
2017PALA08,Harsha Paladugu,18148
2016DEVI02,Sandra Devi,18149
2014WILD03,Damian Wilding,18153
2020FOOT02,Jeremy Foott,18170
2017CADA02,Dragoş Mihai Cadariu,18188
2006OOKU02,Tatsuya Ookubo (大久保達也),18196
2014ESWA01,Karthikeyan Eswaran,18211
2015NIET01,Danilo Toro Nieto,18218
2007JAKU01,Marcin Jakubowski,18231
2012VASH01,Ustsin Vashchanka,18310
2017KONG08,Derek Kong,18324
2014BACC01,Gabriele Bacchieri,18374
2010WIBO01,Ahmad Fauzi Wibowo,18375
2017DZUL02,Muhammad Fitri Hakim Bin Dzulkarnain,18381
2016SHAN03,Chenxi Shan (单晨曦),18398
2012MARI04,José David Castiblanco Marin,18419
2019HUAN05,Tin Huang,18428
2015MYEO01,Shin Myeong Park (박신명),18435
2010HANH01,Tzu-Han Hung (洪梓菡),18436
2019SHAH40,Yug Hiren Shah,18442
2021FREU01,Josiah Freudigmann,18442
2022AUDI02,Quintin Audisho,18445
2022COST03,Christofor Gabriel Costea,18447
2018DUAA01,Aaron Du,18453
2013PENA05,Nicolás Lasso Peña,18455
2019LYTN01,Egor Lytnev (Егор Лытнев),18455
2005ZOLN01,Tomasz Żołnowski,18459
2013CHIC01,Josué Esteban Bacilio Chicoma,18460
2013CHEN13,Linqi Chen (陈林奇),18467
2022HUBE02,Emil Henry Huber,18474
2023JACK04,William Jackson,18503
2004HERM01,Daniel Hermansson,18511
2018SEON04,Yang Seongjun (양성준),18522
2008KOVA01,Endre Kovács,18531
2014ZAUS01,Krystian Załuski,18535
2013PANT01,Mihnea Andrei Panţu,18562
2008FUKA01,Hisashi Fukai (深井寿),18620
2010MCIL02,Ryan McIlhenny,18624
2014GOME07,António Gomes,18627
2013HAHN02,Max Hahnbück,18638
2012CARL03,Alexandre Carlier,18668
2019CABR09,Luis Antelmo Perez Cabrera,18672
2016HUAN35,Zekun Huang (黄泽坤),18680
2014GRAY03,Brendan James Gray,18689
2022CHIP01,Jemima Chippindall,18695
2012EJLE01,Viktor Ejlertsson,18717
2022HONG10,Anderson Hong,18734
2018MORG08,Camden Morgan,18777
2012ZHAN08,Anyu Zhang (张安宇),18794
2017DAVI03,Katie Moughan,18797
2015LEHM01,Alex Lehman,18818
2017RAUH01,Veikko Rauhala,18819
2020BUBA01,Piotr Buba,18829
2018TANA03,Giovanni Tanaka (陈华安),18829
2018BUSK02,Simon Busko,18837
2019MALL06,Valentin Mallavia,18875
2016FANG12,Chilin Fang (方炽霖),18898
2015KAMO01,Syougo Kamo (加茂翔吾),18909
2014RODR30,José Daniel Rodríguez,18928
2018BURG15,Julian Bürgi,18968
2016CHEH02,Haoyang Chen (陈浩杨),18972
2014ROHL01,Nick Rohla,18974
2015KAME02,Marcus Kamen,18990
2011MILL01,Wesley Miller,18996
2019KOZL05,Illia Kozlov (Ілля Козлов),19023
2013SING12,Abhimanyu Singhal,19024
2013TIUL01,Mateo Tiul,19030
2019CORR04,Nicholas Correnti,19034
2022SAGY02,Altynbek Sagyndyk,19035
2016MANN01,Evan Mann,19045
2017ANDE05,Quinn Anderson,19113
2013BRIT01,Gustavo Penaforte Brito,19116
2014LLOY02,Rhys Lloyd,19125
2021GRIE01,Leonard Griebel,19127
2018CHHU01,Parth Chhugani,19128
2011MARS01,Georgiy Marshalko,19138
2014FURE01,Corentin Furet,19147
2014LISH01,Shanghong Li (李尚鸿),19191
2011CHOI02,Ludwig Choi,19213
2017DONA06,Rea Loraine A. Donayre,19222
2016ORDA01,Pascal Ordano,19242
2011BILC01,Ihor Bilchenko (Ігор Більченко),19256
2022ZHAO08,Lawrence Zhao,19265
2014OGIN01,Naoko Ogino (荻野奈緒子),19266
2014NIEL03,Calvin Nielson,19271
2023ASTA02,Bekmurod Astanaliyev,19271
2022CHAN83,Mikul Chanakya,19285
2022WINT09,Daniel Winterberg,19299
2016LECO01,Yoann Lecoeur,19300
2015DURU01,Adinath Durugkar,19362
2011KOWO01,Paweł Kowol,19380
2012LIUH01,Hu Liu (刘虎),19390
2013LKHA01,Erelkhegbaatar Lkhagva,19391
2015SEUN01,Kim SeungHyeon,19428
2017SAKA02,Hudson Sakai,19493
2018GRYT01,Mykyta Grytsenko (Микита Гриценко),19500
2022LEAR03,Megan Lear,19513
2014KUNR01,Thiago Kunrath,19517
2014BEGU01,Elian Beguec,19526
2015KULS02,Sarvagya Kulshreshtha,19539
2017ZAHA02,Stepan Zaharchenko,19556
2020DREH01,Wilhelm Drehling,19570
2022TICK01,Pierce Tickle,19583
2005HSUA01,Anthony Hsu,19601
2014BETE01,Matan Betesh,19605
2014RAOS02,Sachin Krishna Rao,19605
2022SPAH01,Hermes Spahi,19638
2013BEES01,Dominik Beese,19640
2022MAST07,Vivaan Master,19644
2017FAJA01,Vladimir Ernesto Fajardo,19664
2016PICC05,Carlo Piccolo-Cody,19676
2010LIRA01,Ray Li,19692
2016KOIZ01,Ryo Koizumi (小泉諒),19698
2023KUSR01,Aryan Kusre,19701
2017GLOD01,Carlo Glod,19754
2018MACK04,Shaun Mack,19755
2017MOOR03,Clay Moore,19757
2016MILE06,Brendan Miles,19767
2022SUDE03,Abhiram Sudershan,19770
2019CABA07,Ryan Cabanlig,19771
2017CHAN47,Vianne Chang,19772
2011ZENG01,Zexi Zeng (曾泽西),19803
2019TSUR01,Mizuki Tsurudome (鶴留瑞己),19803
2015ALLE03,Wesley Allen,19815
2012IVAN03,Fyodor Ivanov,19823
2016MULL05,Dartagnan Mullins,19830
2016WUHE01,Heng Wu (吴桁),19839
2016NAUD01,Edvinas Naudžiūnas,19858
2018NGHI04,Phan Trọng Nghĩa,19864
2015ORRI01,Jorge Orrite De Alba,19887
2014MAKU02,Darja Makurina,19896
2013SZUM01,Grzegorz Szumigaj,19898
2017VIAN01,Matheus Casassa Viana,19902
2022LIMA07,Alexander Bernando Limarwan,19932
2015SONM01,Milena Son,19974
2013SAVI01,Henry Savich,19991
2023MONT26,James Montero,19992
2006ARAK01,Sinpei Araki (荒木慎平),20002
2017CONN04,CC Connolly,20017
2014KIMJ02,Jungwoo Kim (김정우),20025
2013CHOI04,Justin Choi,20025
2014ZUNI02,Juan Antonio Miranda Zùñiga,20030
2017MAHE08,Harsh Maheshwari,20032
2022ALIS02,Charles Mac Alister,20048
2018PROV01,Arthur Provot,20092
2015LYON01,Tripp Lyons,20099
2011CHAU05,Peter Chau,20109
2005FUNG01,Michael Fung,20112
2016ALOY01,Jammir Aloya,20214
2008SEAR01,Anthony Brooks,20244
2007CINO01,Rafael Werneck Cinoto,20268
2010OREL02,Gonzalo Orellana Barrasa,20274
2018KINN05,Urho Kinnunen,20300
2014HUAN07,An Hu (胡安),20307
2017SUKH01,Dmitry Sukhotin,20366
2022NEVE01,Kaique de Oliveira Neves,20374
2007LUCH01,Chia-Wei Lu (呂家維),20421
2018CUSC01,Lorenzo Giovanni Cuscani,20425
2009KITM01,Mok Man Kit (莫文傑),20443
2014MATH02,Carsten Matheus,20445
2010YUAN08,Huan Yuan (袁欢),20472
2017YULM01,Timur Yulmukhametov,20475
2022BROK03,Filip Brokos,20479
2016AROR07,Apoorva Arora,20500
2019BURK05,Rían Burke,20526
2012LEEJ06,Joseph Lee,20549
2013ESTE02,Augusto Rosa Esteves,20556
2014SANT16,Gabriel Silva dos Santos,20556
2014SUAR05,Diego Suarez,20557
2018YANY05,Yilin Yang (杨逸麟),20569
2011ZHUT01,Tong Zhu (朱彤),20578
2017ROSK02,Erik Červek Roškarič,20590
2019MOOR11,Ian Moore,20591
2016FLOR18,Diego Isai Mijangos Flores,20592
2022SANO02,Tsukasa Sano (佐野司),20604
2017SRIV11,Lakshmi Sai Srivatsa,20631
2016SAHN01,Rajat Sahni,20662
2016WUZI01,Zihao Wu (吴梓豪),20664
2008ABAN01,Carlo Nicolai Abana,20669
2014BUKO01,Pablo Bukovec,20671
2013COST03,Denys Arturo Rosario Coste,20687
2016GARC08,Carl Joshua Garcia,20723
2022NAGA01,Raghavendra Nagarajan,20733
2012KISH03,Vijay Kishore,20753
2016GUST02,Allen Gustrowsky,20776
2003VOMB01,Dror Vomberg,20791
2015CACE01,Helbert Cabana Cáceres,20805
2013SILV01,Rubix Azevedo Martins da Silva,20823
2023AKGU01,Hüseyin Akgün,20838
2017GYAW01,Kyle Gyawali,20844
2013FENG02,Zijia Feng (冯子甲),20946
2016HASS04,Taariq Hassim,20958
2016WANG10,Xuanxiao Wang (王宣晓),20989
2012LINJ01,Jonathan Lin,21016
2009KOMP01,Andrii Kompaniiets (Андрій Компанієць),21035
2016KANI01,Mannessah Kani,21042
2022IYER03,Aarav Iyer,21112
2022DHAR03,Rajveer Dharmane,21131
2013GREN01,Timothy Edegran Gren,21193
2013IORD01,Ștefan Darius Iordache,21232
2015KANS01,Magnus Patrick Kanstrup,21242
2015RODO01,Mateus Garcia Rodolfo,21264
2022MART19,Ancelin Martres,21291
2014ELLI01,Mike Elliot,21294
2011ZENG02,Jia Zeng (曾嘉),21307
2015LIUW02,Wei-Qi Liu (劉緯騏),21307
2016FARR02,Kilian Farrell,21358
2022RAYY01,Muhammad Rayyan,21362
2014SHUM01,Vladislav Shumskiy,21388
2014KANN02,Arun Kannan,21402
2012ZAKR01,Amelia Zakrzewska,21421
2010KOHL02,Erwan Kohler,21482
2019OLIV03,Yuri Olivan Barbosa de Oliveira,21522
2017LOTZ01,Moritz Lotz,21527
2012LUTC01,Ricardo Lutchman,21531
2013KAMI03,Vladislav Kaminskiy,21538
2015OLEC01,Bartłomiej Olechno,21544
2020BORG01,Kasper Warberg Borg,21547
2019WAYL01,Lim Zi Way (林紫葳),21566
2010JIAZ01,Zhihao Jia (贾志豪),21588
2019JIWE02,Wenzhuo Ji (季文卓),21601
2013RUIX02,Xiaobin Rui (芮晓彬),21622
2014SAMP01,Eduardo Ramalho Sampaio,21622
2012IONE01,Andrei Răzvan Ionel,21637
2022PELE02,Andriy Peleshchyshyn,21646
2010WEYE02,Sebastian Weyer,21655
2014ZYCH01,Jan Zych,21669
2013RAMI02,Adrián Ramírez,21688
2015MATT06,Ganesh Matta,21717
2018SEMO01,Robinson Semolini,21722
2018XIAN05,Zongyao Xiang (向宗耀),21750
2011AMOR01,David Remolina Amórtegui,21794
2017TRAN08,Adam Tran,21857
2018VANS03,Layne VanSiegel,21938
2015ACHA01,Leon Achata,21982
2011STAI01,Micah Stairs,21986
2012ROBO02,Andrey Robota,21989
2017CAYT01,Halber Michael Quispe Caytuiro,22031
2016BUCK01,Linus Buck,22055
2013ZHYH01,Vladyslav Zhyhailo (Владислав Жигайло),22091
2008LEEF01,Felix Lee,22123
2018WALA01,Max Walaszek,22128
2010ZHAO12,Raymond Zhao,22129
2012QUIA01,Albert Quiñones,22135
2017OSCA02,Oscar Paul Mamani Oscalla,22150
2016PANN02,Daniele Panna,22154
2014WHIT07,Daniel White,22172
2010LEAN02,Cristian Antoniu Leana,22178
2012HINO01,Takeshi Hino (日野健志),22182
2017CARA04,Kirby Jay Caragan,22186
2007CHAN07,Harris Chan,22191
2015BELJ01,Toni Beljo,22230
2015CHEN82,Andy Chen,22237
2008NIEL01,Lars Vennike Nielsson,22243
2015BARH01,Anders Barhaugen,22260
2022FODS01,Jonathan Björck Fodstad,22264
2014SZEP01,István Szepesi-Nagy,22307
2017MORO02,Ruslan Morozov,22321
2012DESO02,Christopher Desormeaux-Malm,22341
2012FAHM02,Muhammad Yunan Fahmi,22362
2013COPP01,Ben Coppin,22379
2011DANA01,Dimas Satrio Danardono,22404
2017KUKU01,Dmitriy Kukuev,22438
2017CAST48,Egdar Castillo,22463
2012DANI01,Viktor Danilov,22496
2018STEP07,Lachlan Stephens,22528
2015JORG01,Mikela Elleby Jørgensen,22531
2012AGNE01,Percy Agnesens,22550
2018AIPK01,Maksim Aipkin,22584
2013GRIG01,Bogdan Grigoruţă,22594
2012GONZ02,Daniel Esteban Castellanos Gonzalez,22595
2018SOLA05,Hrithik Solanki,22606
2017GEIS02,Robin Geiser,22632
2016GAMM02,Nikko Gammad,22645
2012VAID02,Rakesh M. Vaideeswaran,22675
2016MASI01,Marcos Masini,22698
2017VARE01,Gerardo Varela,22721
2012MISH01,Siddhikant Mishra,22777
2012PICC01,Angelo Piccolella,22786
2008ZHAO05,Yunhao Zhao (招蕴豪),22786
2016ZHAN17,Jingyang Zhang (张靖阳),22792
2017SKRY01,Alexandr Skrynnik,22813
2015DIAZ03,Hugo Andrés Morales Díaz,22829
2017KEKK01,Alex Kekkonen,22841
2022ROSE07,Tyler Rose,22860
2018SACH03,Christian Sachgau,22891
2014EGOR01,Timofey Egorov,22937
2009GORY01,Anton Goryachikh,22940
2022ARVI03,Nick Arvin,22957
2013VAKU01,Edward Vakula,22969
2014MILL04,Chris Mills,22986
2018POON02,Jem Poon,22996
2016SANT66,João Vinícius de A. Santos,23013
2019CATE01,Dominic Cater,23018
2018KUMA01,Nitin Kumar,23045
2015NJAM01,Magne Njå,23074
2015BANE03,Pranav Banerjee,23171
2013WAGN01,Andreas Wagner,23174
2016STAN04,Lee Stanton-Barnett,23256
2016HAND04,Rasmus Händén,23267
2019LIAA01,Aaron Li,23328
2003POCH01,Stefan Pochmann,23356
2017DASA03,Ankan Das,23392
2017OUAD01,Omar Ouadouha,23513
2018FEDO04,Serhii Fedorniak (Сергій Федорняк),23516
2016WANS07,Shengze Wang (王圣泽),23529
2018RIDA01,Zach Ridall,23549
2013CHUS01,Sergey Chushkin,23551
2012TERE01,Ilya Tsiareshka,23600
2013ZABA02,Ginneidy Camila León Zabala,23604
2022PUHO01,Oliver Puhov,23613
2016MARB01,Jasper Lee Marbella,23658
2021CHOH01,Hyeonmyeong Cho,23685
2022KOME01,Ids van Komen,23717
2015SONG11,Yaheng Song (宋亚恒),23730
2018SAMP01,Leslie Sampson,23734
2018HUDO01,Matt Hudon,23752
2014WALK05,Alex Walker,23763
2018ANDE06,Spencer Anderson,23783
2016RUEB01,Johannes Rueben,23787
2019GUOY04,Yutao Guo (郭宇韬),23790
2011DARM01,Ilham Fikriya Darmawan,23797
2021JIAN09,Ji-Siang Jian (簡季湘),23809
2020TOMA01,Fabian Tomasovic,23819
2018WANG01,Guanqing Wang (王冠清),23851
2016DEIB01,Carson Deibert,23855
2015CHER02,Roman Chernyavskiy,23916
2017GONZ39,Perry Nathaniel Gonzales,23966
2008WITG01,Guus de Wit,23968
2014SIME01,Edbert Sim,24000
2018GRAG01,Thorsten Gragert,24011
2016PAOL01,Damiano Di Paola,24072
2016RAJA06,Jonas Rajagopal,24102
2019ABCO01,Charley Abcouwer,24118
2013BLAN01,Simon Blanchard,24137
2012ASKJ01,Andreas Askjem,24155
2015CABE01,Rodrigo Cabezas,24214
2017RODR74,Pacifico Rodriguez,24271
2014MARK02,Nikolas Márkus,24275
2016SHTY01,Semyon Shtykov,24284
2022SONI02,Nirmay Maulikkumar Soni,24336
2015GOEL03,Palaash Goel,24363
2014CAMP04,Zeus Miles Campilla,24379
2015BOUS02,Moez Boussarsar,24389
2016CARD01,Jesús Tadeo Perez Cardona,24425
2018KENE01,Alimzhan Kenesbek (Алимжан Кенесбек),24452
2013LIUR01,Ruxin Liu (刘茹心),24500
2012YIND01,Dongyun Yin (殷冬昀),24566
2019ARAU07,Luan Gomes de Almeida Araújo,24574
2022LAIP01,Po-Hsien Lai (賴柏憲),24580
2014WANG17,Max Wang,24598
2013STRO01,Dan Stroie,24676
2015ALMA01,Diego Pinto Almario,24689
2013DANY01,Diana Danylyshyn (Діана Данилишин),24710
2010CARV01,Gabriel Pitali de Carvalho,24828
2019KAWA03,Minh-Ky Kawamura,24843
2012ZAKE01,Darko Zakelšek,24894
2011LIMR01,Ryan Lim,24961
2019YAND03,Dylan Ng Xu Yang,24992
2010CHEU01,Adrian Cheung,24996
2014TONO01,Aharon Campoli Tono,25021
2016AVER01,Thomas Avery,25048
2011LIUZ06,Zexian Liu (刘泽贤),25073
2015BART06,Nik Bartlett,25094
2011CHAN13,Swaminathan Chandrasekaran,25103
2015LAGU01,Anton Lagunov,25131
2016DORS01,Jan van Dorst,25203
2017ERMA03,Alexander Ermakov,25215
2022WANG35,Justin Wang,25228
2018KHAN28,Zayn Khanani,25265
2010MIAZ01,Filip Miazek,25265
2014IHSA01,Hafizh Nur Ihsan,25310
2013SHIM02,Shun Shimada (島田駿),25352
2016SHAR16,Avshalom Sharavani,25377
2014YUNO01,Lucas Ichiro Yunomae,25399
2016SERA04,Nuno Ricardo Cordeiro Serafim,25427
2013KRAV01,Ivan Kravchenko (Іван Кравченко),25451
2007XUST01,Steven Xu,25479
2017JENS01,Austin Jensen,25536
2018LAUR04,Ezra Lauritzson,25541
2018PAID01,Srikar Paida,25713
2013KHAN06,Dương Hữu Khang,25787
2014KOVA06,Denys Kovalov (Денис Ковальов),25799
2018TUFT01,Andreas Gudahl Tufte,25805
2008SHAN01,Siva Shanmukh Vetcha,25887
2012WERD01,I Gede Putu Astamarsa Werdantara,25914
2018YIKL01,Lim Chun Yik (林峻毅),25931
2012HAML01,Francisco Hamlin,26000
2016FRAG01,Gaëtan Fragnière,26028
2013SANC05,Jacob Sanchez,26034
2017RUST01,Davronbek Rustamov,26088
2012GAOK01,Kaiyang Gao (高凯阳),26097
2021MENA01,Michael Menachery,26173
2014ESCO02,Daniel Escobar,26177
2018HENN02,Baptiste Hennuy,26223
2018CHEN17,Vincent Chen,26238
2019BIRK01,Asbjørn Brummer Birkelund,26250
2017DOVH02,Dmytro Dovhyi (Дмитро Довгий),26267
2017HAGN02,Robin Hagner,26274
2012LIMR01,Richie Lim,26329
2014LAFO01,Anthony Lafourcade,26370
2017LEED02,John Leeds,26395
2014MELL03,Gabriel Sargeiro Gomes de Mello,26412
2022PERE07,Banura Perera,26431
2007WAPP01,Isaac Wappes,26454
2016KAVI01,Hashik Kavil,26468
2018SOSA08,Jair Sosa,26474
2014CHHA01,Paarth Chhabra,26489
2011FREI01,Felipe Baldívio Freires,26496
2019PAVL04,Valentin Pavlov (Валентин Павлов),26594
2015QINH02,He Qin (秦贺),26643
2014FERR09,Felipe Dias Ferreira,26705
2010SYAH03,Muhammad Syahmi,26731
2013DONA02,Jesus Sebastian Batista Donastorg,26821
2012MAUR01,Jonathan Mauroy,26847
2022BHAV01,Darshan Bhavanasi,26850
2017ALLE05,Koen van Aller,26902
2018SAND22,Einar Martin Sandvik,26978
2015PINO01,Rodolfo Uriel Porras Pino,26981
2017PURB01,Hilbert Hasiholan Purba,27064
2011WIJA03,Angeline Wijaya (黃千儀),27121
2015TSAI06,Min-Yan Tsai (蔡旻諺),27177
2017YEEA01,Lee Jun Yee Allen (李俊毅),27197
2016STEI02,Justin Steinman,27227
2023LOPE06,Ian Yazid Zavala Lopez,27287
2006LINC01,Chia-Leo Lin (林珈樂),27315
2018CHES14,Shang Chen (陈上),27410
2017ZHUX01,Xiaoliang Zhu (朱校良),27412
2017JARN01,Thomas Sonnenberg Jarner,27465
2011KRAG02,Henrik Krag,27481
2012HAID01,Ammar Haider,27513
2017TIMO01,Liam Uno Timour-Silveira,27566
2023GREG02,Anton Henning von Gregory,27571
2017MOHL01,Patrick Möhlen,27627
2012FANG03,Hanyu Fang (方寒玉),27635
2015ARJA01,Juho Arjanne,27683
2015FLOR15,Dash Flory,27721
2013HEBE01,Marc-André Hébert,27732
2015GUBA02,Danis Gubaidulin,27733
2018TANZ04,Emilio Tanzarella,27749
2011LINJ04,Ting-Xian Lin (林廷縣),27858
2009PLIT01,Maria Timoshchenko,27922
2008PIAU01,Antoine Piau,27985
2014BRED02,Birk Bredland,28044
2010ROSE03,Dennis Rosero,28147
2009LIKU01,Kuan-Ying Li (李冠穎),28163
2018JOHN22,Ryan Johnson,28198
2015YORK01,Daniel York,28238
2023FRID01,Marks Fridmans,28310
2019HANS01,Quinn Hansen,28377
2017DELG02,Kevin Antony Tello Delgado,28407
2022ALWA01,Hasan Hashem Alwazzan,28479
2017LIPE01,Calven Lipec,28492
2017EVEN01,Daniel Even,28522
2009ZHAN24,Junhe Zhang (张钧鹤),28622
2013SALA07,Verónica Fernanda Quezada Salazar,28780
2013FUEN01,Erick Lemus Fuentes,28781
2017SOUZ10,Gabriel Lincon Souza,28826
2015KITA02,Henrique Yudi Kitamura,28829
2018MAKN01,Selim Makni,28836
2019KALL02,Herman Westerlund Kalland,28848
2019SANT25,Kaiky Brito dos Santos,28867
2023SCOT04,Asaph Scott,28884
2012FAIR01,Ikbar Habib Fairuzi,28927
2016PUTR02,Aji Surya Putra,28974
2018PALA03,Dmytro Palamarchuk (Дмитро Паламарчук),28981
2012MRZI02,Mattes Mrzik,28984
2016BALA15,Jared Balassaitis,29047
2016CALB01,Nicolás Calbucura,29058
2017VLAD02,Turcanu Vlad,29078
2022ORDO01,Josué Ordóñez,29085
2015YIYU01,Yuchao Yi (易宇超),29093
2022MENG01,Serena Meng,29123
2023KARD03,Oleksandr Kardash (Олександр Кардаш),29126
2015REIS02,Rui Reis,29145
2006KIED01,Tomasz Kiedrowicz,29184
2015TAKA04,Katsuki Takahashi (高橋勝紀),29238
2010WHIT05,Zachary White,29292
2013SARA02,Laxman Saran,29295
2016SILV57,Vitor Oliveira da Silva,29467
2017KENT04,Jordan Ng Kentzu,29538
2016ULKU01,Haluk Ulkusal,29541
2017BUSC03,Danny Buschert,29584
2016XIEJ01,Jianing Xie,29636
2016HSUE02,Yi-Jen Hsueh (薛以仁),29773
2017NEWT04,Owen Newton,29815
2017ENGE01,Amiel Engel,29870
2013GONZ07,Carlos Miguel Parra Gonzalez,29894
2017PORT04,Daniel Porter,29902
2017SIEB03,Jacob Siebert,29947
2017SILV11,Ruric Victor Costa Da Silva,29960
2019YONG01,Javier Cheong Heng Yong,30045
2018ANHN02,Nguyễn Trâm Anh,30345
2009PARE02,Luis J. Iáñez,30391
2022NARA04,Abhiram Narasimha,30398
2014ANBU01,Abiram Anbu,30443
2018MAZH01,Evgeniy Mazhara,30492
2016MASO01,Seyyed Ali Masouminia (سید علی معصومی نیا),30509
2012ATAM01,Andrii Atamaniuk (Андрій Атаманюк),30519
2017MARQ09,Marc Adrianne Marquez,30551
2023GOUD01,Hugo Goudriaan,30612
2018DAVI08,Shane David,30715
2017AMRU01,Fauzan Rafi Amrullah,30828
2015LIUZ01,Zhengyi Liu (刘正一),31094
2016KIEB01,Midas Kiebert,31140
2008SZER01,András Szermek,31167
2017NETO02,Sofía Guerrero Neto,31219
2013KHIK01,Vadym Khikhlo (Вадим Хіхло),31302
2014LAGA02,Bille Janssen Lagarde,31540
2013DEWE01,Dorian Dewez,31671
2019SHIB01,Ishan Shibu,31757
2013GUIT01,Richard Henry Figueroa Guitz,31785
2022SANT22,Gustavo Micher Santana,31792
2014ADOR01,Vlonga Adorian,31796
2016CHOW03,Yvonne Chow,31839
2014PENA03,Andriuth Peña,31868
2015BURK03,Cameron Burke,31919
2014LUEV01,Fernando Matadamas Luévanos,32040
2018PRAB04,Hopi Fattan Prabasukma,32130
2013FILI01,Jurgens Filiaggi,32134
2015YEAN01,Kim Do Yean,32205
2022BOTI02,Farrux Botirov,32234
2015SENA02,Satria Kojar Sena,32241
2015SLIP01,Vladyslav Slipchenko (Владислав Сліпченко),32258
2014HANS01,Lindsay Hans,32373
2016WHEE01,Johnathan Wheeldon,32513
2017ARAN06,Omar Eduardo Reyes Arana,32752
2012OTAN01,Diego Millán Otón,32814
2022PARM03,Rayan Parmar,32848
2015SAMB01,Venkatesh Sambhubhat,32925
2017KLAU01,William Klauer,32994
2015WYSS01,Dimitri Wyss,33201
2014KUMA21,Gajula Vinod Kumar,33213
2019ALEX02,Alexandru Dima,33368
2017GOME28,Guilherme Serra Camargo Gomes,33410
2013BARK01,Justin Barker,33644
2019DORO03,Niv Doron,33695
2018HISH01,Muhammad Nurhidayat Bin Hishamuddin,33705
2013SPAD01,Luciano Spada,33806
2014SING12,Rahul Singh,33813
2017HOCK01,Leo Hock-Morris,33885
2018NANN01,Ethan Nanninga,34027
2017LIAN32,Andrés Irías Li,34138
2014BLAY01,Óscar Roldán Blay,34204
2018MARC18,Ignas Marčiukaitis,34285
2011KIBE01,Omkar Kibe,34304
2022KLEC01,Jagger Thomas Klecatsky,34341
2017NARB01,Morkus Narbutis,34493
2017VINJ01,Srikar Vinjamara,34513
2010ZAKY01,Ahmad Zaky,34698
2017JIME13,Julio Ernesto Villalobos Jiménez,34744
2018SHAK02,Sujai Shakthivel,34954
2017SUDA01,Pradeep Sudakar,35044
2017ANEE01,Devnandan Aneesh,35131
2015MURN01,Diana Murnik,35140
2011HAYA02,Ryouga Hayashi (林竜河),35182
2021GABE01,Caleb Gabel,35282
2013KIMT01,Tae-Oh Kim (김태오),35315
2023MURR05,Dillon James Murray,35384
2018SONT01,Trần Ngọc Sơn,35616
2017ZUNI05,Axel Uriel Sánchez Zúñiga,35677
2018HUAP02,Prosper Huang,35683
2016WANG11,Chong-Cheng Wang (汪忠正),35733
2011SIDA01,Mantas Sidabras,36152
2015AROR04,Raghav Arora,36164
2015YIFE01,Li Yifei (李逸飞),36304
2021HUGO01,Peter Hugosson-Miller,36459
2013FOUR01,Antonis Fourfaro (Αντώνης Φουρφαρο),36508
2012MCMI01,Matthew McMillan,36929
2014PAUL02,Maximo Alberto Rodriguez Paulino,37066
2021HARB01,Owen Harbo,37103
2017KIPP01,Erik Kippus,37161
2013KIMD01,Dohyun Kim (김도현),37366
2018KIMN03,Nikita Kim (Никита Ким),37441
2020AGAR01,Yuvraj Agarwal,37525
2022CRUZ01,Fabio Cruz,37563
2014PHIL06,Ricardo Ivan Philippsen,37696
2015CHAN28,Kim Chan-Hyo (김찬효),38061
2018USMA01,Yaroslav Usmanov (Ярослав Усманов),38132
2014OROV01,Liam Orovec,38222
2022KOTO01,Rex Kotovich,38338
2017GUTI13,Hazel Moises Ruiz Gutierrez,38350
2016HOOV01,Cailyn Hoover,38546
2023GURS01,Ollie Gurson,38718
2005MARI01,Jose Maria Moreno Pueyo,38738
2013JORD01,Maggie Jordan,38820
2018TURE01,Anatolii Turenko (Анатолий Туренко),38826
2017MURA05,Meenakshi Muralidharan,38878
2013MART02,Rubén Moreno Martinez,38986
2019VARM03,Kalidindi Hardhik Varma,38996
2013VEDE01,Andrii Vedenov (Андрій Веденьов),39050
2017TANG21,Kevin Tang,39429
2013MART16,José Edilson Lima Martins,40061
2017HAJU01,Jungwoo Ha (하정우),40209
2018LIYU06,Yunzhen Li (黎运臻),40361
2012SART01,Louis Sarthou,40497
2017GUEL01,Leith Guelmami,40549
2017PARO01,Rodolfo Federico Canatta Parodi,40584
2022BARR02,Miguel Guimarães Rego Barros,40705
2008CUST01,John Paul Custodio,40732
2016CHAV18,José Chávez,40909
2013GADI01,Krishnam Raju Gadiraju,41141
2016GUOL01,LianCheng Guo,42017
2019PATE14,Sarvil Patel,42039
2016JRAC01,Ace Djun T. Aguirre Jr.,42542
2012CAPA01,Mihai Căpăţinescu,42906
2023NIJS01,Niels Nijstad,43885
2012RAUT01,Sakari Rautalin,44003
2007HYOE01,Hyoeun Shin (신효은),44038
2014OTER01,Murillo Gomes Otero,44085
2010TUYE01,Tran Minh Tuyen,44364
2015LOPE19,Matías Andrés Sandoval López,44435
2018PERE05,Shalem Birzavit Meneses Pérez,44926
2013MANO03,Alessandro Manopulo,46073
2019EKLU01,Samuel Eklund-Hanna,46692
2012MANO05,Pratyush Manocha,47646
2008JINX01,Xiaobo Jin (金晓波),47956
2017AUKS01,Eduardas Aukščionis,49556
2008POLI01,Hugh Delano Polidario,50204
2017GULO01,Feruz Gulomov,51808
2018DIXO01,Emma Dixon,53568
2016MALT01,Dmitriy Maltsev,54115
2016SLIM01,Slimane Siroukane,54426
2016DIAZ14,David Arturo Díaz,54913
2011SATO01,Heron Sato,55536
2019AIPK01,Pavel Aipkin,56144
2017WAIK01,Khoo Kah Wai,63100
2013KLEM01,Lauren Klemz,66100
2016HERR15,Reinier Ivan Sac Herrera,78400
