personId,personName,best
2016HUNG08,Lim Hung (林弘),1990
2015ROSE01,Daniel Rose-Levine,2058
2017KOLI01,Mohammed Aiman Koli,2075
2015CHER07,Tommy Cherry,2438
2015MINK04,Kevin Min,2440
2016GUTI23,Daniel Gutierrez,2550
2014GERB01,Henri Gerber,2651
2015BYEO01,Jimin Byeon (변지민),2669
2013SUCH02,Chengming Su (苏成明),2754
2013ANAN03,Adithyaa Anand,2761
2012QUIB01,Louie Jay Quibote,2763
2017HONG17,Jinseo Hong,2800
2010KIPA01,Jakub Kipa,2816
2015DIZO02,Kieran Dizon,2826
2016SCHO08,Jakob Schöley,2829
2012CAMP03,Gabriel Pereira Campanha,2841
2016CETR01,Joel Cetra,2845
2015CHEN52,Weisheng Chen (陈伟胜),2859
2015YAKH01,Daniel Yakhkind,2862
2011KNOT01,Wojciech Knott,2889
2016RIDL01,Ben Ridley,2894
2015QUAN03,Ng Jia Quan (黄佳铨),2903
2013EGDA01,Daniel Vædele Egdal,2918
2017SWAI01,Adam Swaine,2938
2016ELEV01,Edgar Elevado Jr.,2943
2017HYOJ01,Choi Hyo-Jin (최효진),2973
2016CHAP04,Stanley Chapel,2983
2017GARR05,Luke Garrett,2984
2016HOLM04,Laurids Abelsen Holm,3013
2008TAKA01,Yuhei Takagi (高木佑平),3017
2015MINK03,Kim Min (김민),3032
2016WOOD01,Nolan Wood,3056
2011NARA02,Bhargav Narasimhan,3067
2014BAND04,Mahith Bandi,3071
2017MEAD01,Alison Meador,3075
2016ELOV01,Viljo Elo,3100
2012QIUR01,Ruohan Qiu (邱若寒),3104
2011JIAN15,Xiaojie Jiang (蒋孝杰),3178
2017MAHE08,Harsh Maheshwari,3181
2015MLOS01,Michał Mlostek,3188
2008YUNS02,Yunsu Nam (남윤수),3200
2017BORG02,Gabriel Bergue,3211
2018GALV06,Gustavo Laurentino Galvani,3217
2015CECC01,Vicenzo Guerino Cecchini,3258
2016SINY01,Alexei Sinyavin,3271
2014GOSL01,Raymond Goslow,3279
2013GERT01,Nicolas Gertner Kilian,3285
2016DENG16,Kaemen Te Dengjian,3287
2014JOYO01,Yong Hyeon Jo (조용현),3291
2018BRUU01,Jacob Oliver Bruun,3401
2015AROR05,Dhruv Arora,3449
2016DROB01,Jakub Drobný,3489
2012HALE01,Callum Hales-Jepp,3505
2016RACH01,Fahmi Aulia Rachman,3520
2015LINY08,Ying Lin (林颖),3521
2011DUHA01,Haichuan Du (杜海川),3527
2016GOTT01,Benjamin Gottschalk,3550
2014BALA11,Eugene Paul Balangit,3553
2010CANT02,Antoine Cantin,3570
2016KRUE01,Ivan Krueger,3594
2013ERDE02,Erdenemandah Erdenekhuu (Эрдэнэхүү Эрдэнэмандах),3598
2014IRIA01,Julen Simón Iriarte,3601
2016TRAG01,Parker Trager,3609
2015KOEN01,Christian König,3610
2013WARY01,Rafał Waryszak,3620
2016HRYN02,Vladyslav Hryniuk (Владислав Гринюк),3634
2016ROLZ01,Alwin Rölz,3660
2014WENG01,Zicong Weng (翁子聪),3664
2007CINO01,Rafael Werneck Cinoto,3669
2014KIPR01,Tommy Kiprillis,3693
2013FENG02,Zijia Feng (冯子甲),3699
2012SUNL03,Liudi Sun (孙柳笛),3707
2013GOOD01,Daniel Goodman,3713
2015RAJA10,Lakshimi Rajaram,3731
2017BLAC06,Ash Black,3756
2017BHAT02,Atharva R. Bhat,3779
2014NOVO01,Tomáš Novotný,3780
2013LIHU01,Hua-Ting Lee (李華庭),3809
2012KALE01,Przemysław Kaleta,3818
2017SIAU02,Max Siauw,3840
2016MULL04,Daniel Mullen,3842
2010JULI01,Renhard Julindra,3847
2016THOR08,Elvin Thorsen,3862
2014GOME01,Anderson Ortegón Gómez,3881
2011LEER01,Roy Lee,3886
2016GREE04,Steve Greer,3897
2016TANN01,Ana Beatriz M. Tannenbaum,3900
2015SANC18,Josete Sánchez,3904
2016GEEN01,Nathaniel Gee,3909
2014KIMD06,Doyul Kim (김도율),3923
2014HOLU01,Lev Golub (Лев Голуб),3927
2014KORO02,Vladimir Korovin,3932
2015KUCA01,Carter Kucala,3958
2010CORM02,Louis Cormier,3959
2017PAON01,Roan Paone,3960
2014BEGU01,Elian Beguec,3968
2017VASQ11,Juan David Carmona Vásquez,3978
2011QUEJ01,Jianyu Que (阙剑宇),3979
2013SAVA01,Harry Savage,3985
2012LIKC01,Chan Hong Lik,3987
2014BAIR01,Ray Bai,4037
2012CHIN04,Lam Yu Ching (林雨晴),4038
2017HICK03,Tyler Hicks,4061
2015ZHYD01,Vladyslav Zhydkov (Владислав Жидков),4079
2015MUZO01,Zongwen Mu (牟宗文),4083
2017RICH02,Braden Richards,4084
2014KOVA07,Bence Kovács,4094
2015MACG02,Ben MacGregor,4101
2011REYE04,Stephano Saucedo Reyes,4107
2016SZAN01,Szabolcs Szántai,4112
2012MCNE01,Jayden McNeill,4126
2016COSS01,Dylan Cossin,4150
2014RAJA02,Sandeep Rajaram,4153
2016LAUR01,Linus Laurén,4157
2015IVAN03,Oleksandr Ivanchak (Олександр Іванчак),4175
2010BADR01,Muhammad Badruddin,4184
2008SAJI01,Yu Sajima (佐島優),4195
2017ILIN01,Maxim Ilin,4200
2018MITC03,Jayden Mitchell,4204
2007YUNQ01,Yunqi Ouyang (欧阳韵奇),4232
2011MELI01,Artem Melikian (Артем Мелікян),4244
2015FUSH01,Firstian Fushada (符逢城),4250
2015MACK06,Zeke Mackay,4255
2013FLOR02,Carlo Flores,4257
2011SBAH01,Rami Sbahi,4282
2015VANL01,Luke Van Laningham,4294
2018YIKL01,Lim Chun Yik (林峻毅),4306
2014STAR05,Charlie Stark,4326
2016HART02,Sean Hartman,4326
2014WENW01,Wong Chong Wen (黄崇文),4332
2014SCHO02,Cale Schoon,4341
2017ENGB01,Bryan Eng,4345
2018KOCH11,Vyacheslav Kochergin (Вячеслав Кочергин),4362
2010RAIH01,Fakhri Raihaan,4371
2016COUL02,Kevin Coulter,4380
2017SHEN01,Desmond Low Kai Sheng,4396
2014WUBA01,Baocheng Wu (吴宝城),4414
2015NATH02,Nitin Nathan,4416
2010UTOM01,Vincent Hartanto Utomo,4453
2016OSTL02,Stian Nystad Østli,4453
2017FRIS01,Jesper Frisk,4474
2010HUAN04,Yu-Huan Huang (黃宇瑍),4491
2015CALD02,Kymberlyn Calderon,4492
2013WALL03,Daniel Wallin,4505
2012JAME04,Daniel James,4523
2017VEUR01,Timon Veurink,4525
2006BUUS01,Henrik Buus Aagaard,4539
2011SILV05,Gilson Sousa da Silva,4543
2016PHUN02,Lauren Phung,4547
2017TANG35,Yu Tang (唐语),4550
2015XUYI02,Yihui Xu (徐毅慧),4559
2016BARO04,Ben Baron,4563
2011EDUA01,Eduard Esteban García Domínguez,4578
2016MANG01,Aakash Mangla,4597
2015ARYA03,Aniketh Arya,4607
2017MACH03,Chenhao Ma (马晨皓),4616
2016PARK02,Eli Parker,4621
2010HULL01,Katie Hull,4624
2016COEL04,Suzane Coelho,4641
2012MENE01,Diego Meneghetti,4643
2017CAST19,Rwell Shawn A. Castaneda,4654
2012LINJ01,Jonathan Lin,4655
2012WERB01,Sebastian Werb,4657
2013KRAS02,Michał Krasowski,4661
2017YANR02,Ruimin Yan (颜瑞民),4665
2017NICO01,Alejandro Nicolay,4668
2013KATO01,Eva Kato,4669
2016HOLD04,Joanna Hołdakowska,4674
2009BOON04,Tong Boonrod (ต๋อง บุญรอด),4683
2018TSAI02,Chia-Yu Tsai (蔡家瑜),4685
2014DETL01,Rasmus Stub Detlefsen,4694
2016WETZ01,Leonard Wetzel,4694
2012PETE03,Marcel Peters,4699
2012QUIA01,Albert Quiñones,4727
2014MEND02,Alexis Rodrigo Cazu Mendoza,4729
2009LIUE01,Evan Liu,4742
2012UTAM01,Rizki Akbari Utama,4744
2015BROW03,Elijah Brown,4759
2013EGDA02,Martin Vædele Egdal,4762
2015VERE01,Kristóf Veres,4782
2009KITM01,Mok Man Kit (莫文傑),4790
2013GERH01,Kevin Gerhardt,4793
2011HUNG02,Shao-Heng Hung (洪紹恆),4813
2017WATS07,Oscar Watson,4823
2010JULI02,Vincent Julindra,4828
2018CHHU01,Parth Chhugani,4853
2016FANG01,Shenghai Fang (方胜海),4862
2017XUAN03,Shawn Lee Zhi Xuan (李致轩),4870
2013SZUM01,Grzegorz Szumigaj,4875
2005AKKE01,Erik Akkersdijk,4879
2016IHLE01,Malte Ihlefeld,4897
2017HEIS02,Dominic Heising,4914
2007WOOR01,Riley Woo,4930
2016DING05,Tianping Ding (丁天平),4939
2013THOM03,Abishua James Thomas,4941
2013MORA08,Gabrielle Morasse,4942
2015CERV01,Christopher Cervania,4951
2016CHEN02,Tian Chen (陈天),4960
2015GONS01,James Gonsalves,4963
2018FANG10,Weijie Fang (方伟杰),4974
2013CHOI04,Justin Choi,4975
2013LANG03,Mason Langenderfer,4989
2016KYLE01,Benjamin Kyle,4991
2017SIGI01,Sigi Wijaya,4998
2013ZIRN01,Jānis Zirnis,5016
2016BESP01,Nikita Bespalov,5019
2013KLEI03,Livia Kleiner,5048
2011FERA01,Joshua Feran,5054
2018BLOC01,Jonathan Blöcher,5066
2016OCHS01,Zachary Ochs,5073
2008KJOR01,Adam Kjörk,5073
2015JOIN01,Kyra Joiner,5079
2014ZAKR01,Karol Zakrzewski,5082
2016HONG03,Yoochan Hong (홍유찬),5088
2016DENN04,Ethan Dennis,5119
2016SATO01,Caio Hideaki Sato,5126
2016MASI01,Marcos Masini,5127
2012FIRM02,Garuda Firmansyah,5142
2010BENT01,Jan Bentlage,5143
2012KRIS12,Artur Kristof,5160
2012VASH01,Ustsin Vashchanka,5172
2016CAST31,Samuel Hernandez Castro,5193
2018JEHA01,Samuel Jehanno,5197
2018CREE01,Kerry Creech,5197
2009SHEP01,Daniel Sheppard,5199
2015EWER01,Helmer Ewert,5201
2017HAGN02,Robin Hagner,5202
2018PRAS05,Atis Prasitvatanakul (อธิษฐ์ ประสิทธิ์วัฒนะกุล),5208
2011WELC01,Walker Welch,5219
2018MORA23,Ivan Alexander Bonilla Morales,5226
2017TANM01,Michael (謝富亦),5229
2015GROH02,Matěj Grohmann,5235
2018STOK01,Ben Stokes,5239
2011JINS01,Jinseong Kim (김진성),5245
2016TIDS01,Daniel Tidsey,5246
2016OCON02,Lucas O'Connell,5249
2015QIAN02,Qiuhao Qian (潜秋豪),5270
2017MONT17,Mark Dale Montenegro,5289
2016WANZ16,Ziheng Wang (王子恒),5295
2018MACH13,Niclas Mach,5299
2009OKAD01,Yuta Okada (岡田雄太),5316
2015TAKE01,Kein Takeda (武田慶胤),5321
2017ANDR02,Mikhail Andreev,5321
2016MOBE01,Marcus Moberg,5331
2015MATT09,Luis Miguel Ávila Mattos,5336
2013ZHOU19,Jialin Zhou,5349
2014MAKU02,Darja Makurina,5351
2012MORM01,Serhii Mormul (Сергій Мормуль),5354
2017CHUB02,Spencer Chubb,5361
2016GOHT01,Timothy Goh,5362
2016YONG02,Tristan Chua Yong,5367
2015KORO02,Volodymyr Korol (Володимир Король),5384
2012CHON03,Chao-Che Chung (鍾肇哲),5387
2015CARV06,Iuri Grangeiro Carvalho,5407
2012BEAH01,Ciarán Beahan,5419
2010WHIT05,Zachary White,5437
2017TURC02,Sorin Turculeț,5439
2016JONE04,Jode Brewster,5440
2016BUCK01,Linus Buck,5440
2010AMBR01,Jacob Ambrose,5442
2013POBR01,Kaidrich Keolo Pobre,5451
2015EWBA01,Joe Ewbank,5453
2017CANT07,Gabriel Núñez Cantos,5462
2015SOAR01,Nikhil Soares,5463
2019NURG02,Renat Nurgaleev,5465
2015SANT44,Advay Sant,5475
2018GUZM04,Adrian Guzman,5478
2012WESC01,Lucas Wesche,5485
2015YINC01,Chan Hay Yin (陳希言),5489
2014ESPI01,Richard Espinosa,5497
2014MILL04,Chris Mills,5514
2011CAOS01,Sheng Cao (曹晟),5516
2007KOLL01,Mats Kollbrink,5531
2010JUNI02,Alexandre de Siqueira Júnior,5539
2018LITH01,Jennifer Lithén,5539
2015RUSN01,Ethan Rusnak,5541
2013DOVB01,Bogdan Dovbysh,5551
2015ZHOU07,Qi Zhou (周祺),5566
2017NORR01,Timo Norrkniivilä,5579
2011FIOL01,Alberto Pérez de Rada Fiol,5585
2011REED01,Austin Reed,5591
2012CHEK01,Cezary Chełkowski,5592
2013FRON01,Martin Fronescu,5601
2017YINX01,Xingkai Yin (尹星凯),5604
2017ABAR02,Joaquin Abarca,5607
2015YONG02,Gang Yong-Jin,5608
2015HSIE02,Ho Hsieh (謝合),5615
2016FORS08,Andreas Jensen Forsgren,5618
2015GUNN01,Jakob Gunnarsson,5629
2017YANT03,Tan Kwan Yang,5637
2012HAML01,Francisco Hamlin,5650
2012TYVO01,Oksana Tyvodar,5661
2014ADCO01,Ben Adcock,5662
2012CALL01,Will Callan,5663
2018PHIL04,Mads Philipsen,5676
2015GERA02,Arian Geravandi (آرین گراوندی),5679
2017DUMM01,Matteo Dummar,5692
2010XION04,Yongyi Xiong (熊永一),5692
2015PADG01,Dalton Padgett,5697
2008FURU01,Takuya Furukawa (古河拓也),5702
2017SCHM09,Francesco Schmitt,5714
2016MACZ01,Mateusz Mączka,5714
2017ZHAZ09,Zaiyang Zhang (张在旸),5718
2017EPIF01,Ilya Epifanov,5723
2008TAIC01,Chia-Liang Tai (戴嘉良),5727
2017HUAN63,Ruei-Ying Huang (黃睿穎),5746
2012BORR01,Charl Jovan Borromeo,5752
2018ROGO03,Danila Rogozhnikov (Данила Рогожников),5762
2016TIEN01,Pei-Yin Tien (田沛茵),5768
2014KOUL01,Sukant Koul,5780
2014CABR07,Daniel Guardado Cabral,5795
2017PARK05,DongSoo Park (박동수),5800
2014ORTI10,Rodolfo Alejandro Escobar Ortiz,5801
2016GILL09,Karenjit Singh Gill (卡仁基),5813
2014BONA02,Bautista Bonazzola,5819
2015NAZA02,Ilya Nazarov,5835
2017LIUG02,Guoqin Liu (刘国钦),5838
2009ROTA01,Marco Rota,5839
2014CHIC01,Christopher Chi,5845
2017CARA04,Kirby Jay Caragan,5851
2017LIZI03,Zizheng Li (李子铮),5854
2015FIRE01,Hubert Firek,5857
2017MUKH02,Chingizkhan Mukhametdinov,5857
2015VEER01,Pranav Veera,5865
2017DAYR01,Logan Day-Richter,5870
2017CONN04,CC Connolly,5887
2010KRYU01,Dmitry Kryuzban,5898
2017SHAK07,Raman Shakya,5912
2013LOYK01,Nikita Loika,5913
2015WITM01,Mattheo de Wit,5926
2011ZALE02,Marcin Zalewski,5936
2018MEIR04,Assylkhan Meirkhanov (Асылхан Мейрханов),5941
2018FOGO01,Nicholas Fogo,5944
2017PRES02,Peter Preston,5946
2015YOSH01,Yuji Yoshida,5946
2015OHHA01,Ha Min Oh (오해민),5950
2015SIAN01,Dylan Seah Tze Siang,5957
2008TURN02,Steven Turner,5965
2008HASH02,Wataru Hashimura (端村航),5975
2016LAGO04,Mykhailo Lagoida (Михайло Лагойда),5977
2015HAMM01,Billie Hammill,5996
2017LIZH13,Zhichun Li (李志纯),6007
2018THOM29,Carter Thomas,6012
2017CALI03,Sara Abigail Cubas Cálix,6021
2009YAUR01,Robert Yau,6037
2017MINA04,Hannah Minas,6039
2014ZARA01,Rodrigo Zarate,6041
2014SCHW02,Fabio Schwandt,6046
2013CABR01,Christopher Cabrera,6057
2010RONK01,Niko Ronkainen,6062
2011FYDR01,Mateusz Fydrych,6069
2015VANE01,Ivan Vanek,6076
2008JEWR01,Ryan Jew,6077
2014NIET03,Oscar Nieto,6087
2017SOLO03,Volodymyr Solonka (Володимир Солонка),6087
2015GROB02,Ruben Grobler,6110
2019WANG05,Yihuan Wang (王弈欢),6127
2017AGGA01,Sameer Aggarwal,6152
2016QUIL03,Charles Orly D. Quilondrino,6164
2015MOEN01,Jesse Moens,6238
2013COPP01,Ben Coppin,6262
2012MEHR01,Mehrdad Navidian Mehr (مهرداد نویدیان مهر),6262
2014KUMA42,Priyanshu Kumar,6272
2017CHIS02,Suen Ming Chi (孫銘志),6285
2017ASHA01,Utkarsh Ashar,6286
2017ALVA25,Ronald Josué Sicá Alvarado,6297
2014XULI01,Linxiao Xu (徐林霄),6325
2013JOHN10,Brian Johnson,6347
2017VOTI01,Rostislav Votinsev,6349
2017KHAD01,Nishad Khade,6361
2017CHEL04,Leshen Chen (陈乐燊),6367
2016LYHO01,Theo Lyholm,6386
2013GUER03,Leo Guernion,6386
2015BUCK01,Michael Buckner,6391
2014CHER05,Clément Cherblanc,6401
2016HARA02,Knut Skaug Haraldsen,6402
2016LEOP01,Adrianus Leoputra (洪海朧),6407
2013BURL01,Łukasz Burliga,6408
2013MALI03,Szymon Malinowski,6411
2013VAKU01,Edward Vakula,6411
2016DEMO01,Reinhard Democrito,6417
2018SAYS01,Josiah Samuel Saysombath,6417
2017INKA01,Korakot Inkaew (กรกฎ อิ่นแก้ว),6423
2016OZOR01,Isaac Adair Nava Ozorio,6437
2019WANZ21,Zhe Wang (王哲),6443
2016BOCA01,Russel Bocalbos,6452
2014ONOD01,Yngwie Onodera,6452
2014PRID01,Ethan Pride,6468
2009IWAS01,Sachio Iwasaki (岩崎幸生),6472
2012PINT01,Jorge Augusto Siqueira Pinto,6474
2017JRAL01,Allan I. Suarez Jr.,6485
2018WEST05,Jonas Westgård,6494
2015DORN02,Paris Dorn,6496
2018ROBE10,Evrich Markell Robert,6505
2016PILA03,Ryan Pilat,6510
2012BUBE01,Reto Bubendorf,6513
2015RAMI07,Emilio Eleodoro Ramírez Lahsen,6520
2008KLUN01,Vidar Norstein Klungre,6526
2013SAND03,Arvid Sandström,6527
2017SWOR01,Noah Swor,6545
2011CAHY03,Hendry Cahyadi,6551
2015DASA02,Aniket Das,6551
2016QUIN01,James Quinn,6554
2011ALVI01,Wilson Alvis (陈智胜),6564
2016AQUI02,Jose Polorhenzo Aquino,6564
2017WONG13,Andy Wong,6567
2017CHAM09,Jacob Chambers,6582
2017MING07,Huang Yi Ming (黃奕銘),6582
2017WURY01,Ryan Wu,6595
2017BRYA06,Aedan Bryant,6595
2017LIMJ02,Jaden Lim,6601
2017KONG09,Yitong Kong (孔艺潼),6609
2017AMPA03,Ralph Danielle P. Amparo,6614
2017MUNO05,Michael Kevin Astudillo Muñoz,6619
2015VUJA01,David Vujasić,6646
2016GURN01,Will Gurnett,6648
2018SHAL03,Ilya Shalashny (Илья Шалашный),6660
2016GRAS01,Peter Grassard,6662
2016SORI04,Luigi Soriano,6666
2008KOVA01,Endre Kovács,6668
2010OREL02,Gonzalo Orellana Barrasa,6675
2009BLAI01,AJ Blair,6676
2014SING12,Rahul Singh,6685
2018BOND03,Pavlo Bondar (Павло Бондар),6688
2014TAMI01,Roy Tamir,6695
2017TOWN02,Timothy Townley,6708
2007SUNT01,Timothy Sun,6711
2017SHAT01,Andrew Shattuck,6712
2006MURA01,Mika Muranushi (村主美佳),6732
2017MEEN01,Imruthun Meenakshisundaram,6734
2012SEVE01,Ainesh Sevellaraja,6735
2017GOPA01,Mithilesh Gopalakrishnan,6743
2015LAHN01,Sergey Lahno,6755
2012ZABR01,Ivan Zabrodin,6771
2015MATT05,Enzo Mattos,6782
2013NELS01,Tom Nelson,6791
2016LIUY25,Yue Liu (刘粤),6802
2017SAKA03,Kazuki Sakamoto (坂本一樹),6813
2017FENG10,Hill Pong Yong Feng,6822
2015TALB01,Seth Talbot,6826
2016SANT66,João Vinícius de A. Santos,6845
2011FRES01,Linus Frész,6848
2010SYAH03,Muhammad Syahmi,6849
2011JONA01,Andre Febriato Jonathan,6858
2010WANG07,Yinghao Wang (王鹰豪),6862
2015BORW01,Kriday Borwankar,6866
2010STOL01,Cameron Stollery,6877
2016VOSO01,Olivier Vos,6877
2011BANS02,Shivam Bansal,6882
2013ZHEN02,Jinhao Zheng (郑金昊),6883
2010OMUL02,Matic Omulec,6886
2012LUOS01,Shu-Yii Luo (駱書翊),6892
2014SEUN01,Hong Seungbin,6895
2014KOSK01,Piotr Koska,6903
2017JINJ02,Jintao Jin (金锦涛),6905
2018GRAH05,Kate Grahame,6906
2017AKHU02,Mykhailo Akhunov (Михайло Ахунов),6907
2014RENW01,William Gan Wei Ren (颜伟仁),6924
2016RAMA18,Suseendran Ramakrishnan,6926
2017VEGE01,Francis Daniels Veğeris,6935
2016WHIT16,Jason White,6939
2017CHEN28,Yiyun Chen (陈毅昀),6945
2016SIGG01,Graham Siggins,6951
2016BUST02,Tomas Bustos,6970
2014RAME03,Rakesh Ramesh,6978
2011SALG01,Daniel Cano Salgado,6981
2017FABJ01,Lan Fabjan,6987
2017WANY29,Yifan Wang (王逸帆),6994
2016HONG07,Junxiang Hong (洪骏翔),7014
2017MORT02,Dominic Morton,7020
2018MAMA08,Maxim Mamakov (Максим Мамаков),7021
2016JENS09,William Jensen,7021
2016DEXT01,Riley Dexter,7031
2012SILV23,Rafaela Oliveira da Silva,7042
2009KONV01,Asia Konvittayayotin (เอเชีย กรวิทยโยธิน),7051
2016GUOZ04,Ziyang Guo (郭子阳),7051
2012QINL01,Ling Qin (秦岭),7058
2018CHAN05,Dylan Chan,7061
2012SHEN02,CJ Sheng,7062
2017GUIL04,Mateo Guillen,7077
2008WEST02,Simon Westlund,7088
2013JANK02,Tomas Jankauskas,7090
2016KIEB01,Midas Kiebert,7090
2017SZYS01,Tomáš Szyszkowicz,7094
2018DUSH02,Dmitrii Dusheiko (Дмитрий Душейко),7102
2014BHAT01,Ishaan Bhattacharyya,7121
2015PILL02,John Loyd Pillo,7124
2012FARA01,Ali Farahani (علی فراهانی),7125
2017STRA03,Kyle Van Straaten,7145
2017HERN06,Rafhael Hernanto,7148
2013RONQ01,Cyrez Ronquillo,7154
2010KILD02,Wilhelm Kilders,7157
2015PEAR02,David Pearce,7168
2016BOUR01,Noé Bourdon,7191
2018KOZH02,Velin Krasimirov Kozhuharov,7199
2013IVAN03,Yaroslav Ivanashev,7221
2016HADI03,Setya Hadi,7234
2017NAJA02,Oscar Sánchez Najarro,7242
2018DUKE01,Preston Duke,7243
2018CAST11,Raúl Cuevas Castillo,7281
2017KEEN04,Jacob Keener,7289
2019RIED01,Jan Riedl,7292
2015WAGH02,Pratham Waghmare,7323
2013OWCZ01,Bartłomiej Owczarek,7333
2015BART01,Luboš Bartík,7376
2018NISH03,Shoji Nishimura (西村晶司),7377
2010WAND03,Alfrisa Diva Wandana,7383
2011FREI01,Felipe Baldívio Freires,7391
2009SUPC01,Anukun Supcharoenkun (อนุกูล ทรัพย์เจริญกุล),7415
2018DEVE02,Adam Devere,7420
2013ROGA02,Przemysław Rogalski,7421
2017TIMO01,Liam Uno Timour-Silveira,7436
2017XUYO01,Yonghao Xu (徐永浩),7439
2009SIEW02,Eason Siew Ee Son (蕭奕晨),7441
2016SILV07,Joonas Silvennoinen,7452
2018NALE01,James Ellis Nale V,7480
2008CLAR01,Thompson Clarke,7492
2016ARZA01,David Arzamastsev,7507
2015ANTO04,Manuel Prieto de Antón,7510
2016SHRE03,Rajin Shrestha,7527
2014KIMJ08,JuYeol Kim (김주열),7536
2014LUEV01,Fernando Matadamas Luévanos,7544
2015ZELE01,Eeshan Zele,7555
2010ROSE03,Dennis Rosero,7557
2017KIRK01,Eli Kirk,7573
2008BYEO01,Yu Byeong-Seon (유병선),7580
2015DAIS01,Shifei Dai (代时飞),7587
2017SUZI02,Anton Suzin,7614
2017PETE04,Tripp Peters,7620
2016GIPP01,Jacob Eoin Gipp,7629
2015TRUJ04,Diego Trujeque,7632
2016LENT01,Miles Lentz,7636
2010JORG01,Adrian Jorghy,7637
2007SHIR01,Takuma Shirahase (白波瀬拓磨),7642
2012DONG02,Han Dong (董晗),7643
2016POHS01,Shawn Poh,7651
2014LEZA02,Bruno Lezama,7655
2017STAR04,Silas Starling,7658
2016HAND04,Rasmus Händén,7660
2010LANE02,Mitchell Lane,7660
2008OLLE01,Alexander Olleta del Molino,7674
2016JRAC01,Ace Djun T. Aguirre Jr.,7713
2015CAST03,Saúl Alfonso Gámez Castillo,7731
2010GRAC02,Fabio Bini Graciose,7735
2015PAIX01,Pablo de Andrade Paixão,7742
2012HOLE01,Leung Ka Ho (梁家浩),7745
2017SRIV11,Lakshmi Sai Srivatsa,7756
2017GAIN01,Souvik Gain,7765
2016POLY01,Ioannis Polyzos,7769
2012MARI04,José David Castiblanco Marin,7778
2014KOWS01,Karan Kowshik,7789
2018FEDO04,Serhii Fedorniak (Сергій Федорняк),7798
2013BOTZ01,Alexander Botz,7810
2017SETH03,Sameer Sethuram,7817
2018WANG11,Zejun Wang (王泽骏),7818
2017BASH04,Alexander Bashutkin,7821
2018NART01,Viacheslav Nartokov (Вячеслав Нартоков),7835
2015KANY01,Yikuan Kan (阚亦宽),7842
2013CHUC01,Chun-Chen Chu (朱峻辰),7843
2011ZENG01,Zexi Zeng (曾泽西),7845
2018KAST02,Ihor Kastranets (Ігор Кастранець),7846
2016REDD10,Raghav Reddy,7854
2010TARE01,Teera Tareesuchevakul (ธีรา ธารีสุชีวกุล),7872
2017HERM01,Daniel Anker Hermansen,7905
2011LAUA01,Alexander Lau,7922
2016SANT16,Jeferson Alexandre Queiroz Santana,7928
2017YUZH03,Yu Zhou (周煜),7955
2008CUST01,John Paul Custodio,7956
2016DIET01,Amelie Dieterich,7965
2017MARR02,Margot Audero,7967
2015KARB02,Andrew Karbusicky,7968
2017LOUY01,Yunhao Lou (娄云皓),7971
2019DAIL01,Daniel Lucas Dailo,7992
2017KIMJ02,Junseop Kim (김준섭),8018
2008AURO01,Sébastien Auroux,8032
2017KUMA25,Yugesh Kumar,8036
2013CHIA02,Lee Chiang (蔣礪),8039
2014PETE03,Tobias Peter,8045
2017VNKA01,Rūdolfs Vīnkalns,8051
2017LAMB06,Andreas Lambropoulos,8066
2018RUCK01,Christian Ruckli,8074
2018HUAN56,Zhen Huang (黄振),8077
2016REGO01,Sheldon Rego,8094
2016ANSE02,Ilona Ansel,8094
2012ROQU01,Pedro Roque,8114
2017SZUL01,Mateusz Szulik,8128
2017RAMS02,Daniel Ramsden,8137
2017WEIN03,Nicholas Tan Jun Wei,8156
2007GOHO01,Choi Goho (최고호),8165
2016LIXI04,Xiangjie Li (李祥杰),8192
2017GOLU01,Theo Goluboff,8195
2014SEBA01,Juliette Sébastien,8218
2015WANG09,Kai-Wen Wang (王楷文),8220
2015ARJA01,Juho Arjanne,8245
2018MULL07,Hannes Müller,8245
2012LINZ02,Zhiwei Lin (林智玮),8246
2012POHL01,Andreas Pohl,8251
2016TAYL02,Paul Taylor,8253
2014KARN02,Daniel Karnaukh,8270
2017LEEM03,Matthew Lee,8284
2010HUNT02,Aneurin Hunt,8287
2013OJHA01,Suyash Ojha,8291
2017WARR04,Benjamin Warry,8302
2015TRAC01,Catherine Trace,8329
2018SANC02,Gabriel Sanchez,8334
2018ALAM08,Leon Marcell Alamanda,8335
2013MEND05,José Miguel Lanz Mendoza,8342
2017MOHA05,Vishal Mohanraju,8362
2016FAZI01,Faiyaz Ahamed Fazil,8364
2013GONZ05,Eki Gartzia González,8378
2018MONA01,Boris Monakhov,8382
2014KIMJ02,Jungwoo Kim (김정우),8382
2012DANI01,Viktor Danilov,8385
2016STEP01,Wesley Stephenson,8391
2015PABR01,Ujjawal Pabreja,8395
2015MEDE01,Felipe Medel,8401
2015RUSS03,Will Russo,8403
2017TJAN03,Michael Tjandra (锺梓翔),8414
2016JUAR02,Iván Guerrero Juárez,8444
2017EVTU02,Dmitry Evtushenko,8458
2016KELL12,Simon Kellum,8461
2016BERT01,Johan Mørkbak Bertelsen,8468
2016STEI04,Nicky Steingraber,8477
2018CHAN31,Aiden Chan,8478
2016ATTA01,Fayad Hafiz Attaqi,8490
2019FENG28,Desmond Ho Pin Feng,8496
2016CHEY12,Yikang Chen (陈毅康),8497
2016CHAN09,Jaemin Chang (장재민),8506
2016ANNE02,Leo Annett,8506
2011WIJA03,Angeline Wijaya (黃千儀),8507
2017PODZ01,Modest Podzolkin,8519
2015DJAN01,Govend Avgerinos Djangoi,8524
2018GRYN01,Jakub Grynia,8525
2011FOOT01,Teh Keng Foo (郑庆富),8532
2012COST01,Kevin Costello III,8539
2016MART91,Diego Serrano Martínez,8550
2013BOND02,Yevhenii Bondarenko (Євгеній Бондаренко),8551
2013SAVI01,Henry Savich,8574
2014ZHAR01,Maksym Zharov (Максим Жаров),8578
2012GOOD02,Callum James Goodyear,8585
2015HUAN29,Boxuan Huang (黄博暄),8600
2016WUHE01,Heng Wu (吴桁),8608
2014CARR01,Daniel Arroyo Carrillo,8622
2014YUWE01,Wesley Weishen Yu,8626
2017ZHAG01,Guangtao Zhang (张广韬),8632
2014BART06,Jakub Bartos,8635
2012RUPE01,Akash Rupela,8640
2017POPK01,Nikita Popkov,8641
2015NILS01,Anton Nilsson,8644
2016ZHAL01,Liqian Zhang (张礼潜),8654
2016WUJI01,Jiashun Wu (吴嘉顺),8656
2010SVEN01,Kenneth Svendson,8657
2010STAS01,Vasily Stasyev,8659
2012KRIS11,Michael Kristel,8659
2016KEOG01,Ben Keogh,8663
2012KONG01,Qingwei Kong (孔庆玮),8672
2006HIGO01,Ryosuke Higo (肥後亮佑),8674
2011LEES02,Suhyeon Lee,8679
2016PFEI01,Jack Pfeifer,8719
2014AMAY01,Ramses Amaya,8727
2017SODO01,Oleksii Sodoma (Олексій Содома),8743
2016ACUN04,Brian Acuña,8767
2017AVAL02,Santiago Nicolas Martinez Avalos,8781
2013RAMP01,Pranav Ram,8783
2014LONG06,Bertie Longden,8785
2016XIAN01,Ang Chin Xiang,8785
2017SUNC02,Christopher Sun,8794
2014HUAN07,An Hu (胡安),8802
2011HAYA02,Ryouga Hayashi (林竜河),8805
2017CHUL01,Yurii Chulochnikov (Юрій Чулочніков),8807
2018CAST17,Isaac Vergara Castillo,8807
2019VEPS01,Ksenia Vepsha,8821
2017MUHA06,Mahathir Muhammad,8831
2011MAHT02,Natthaphat Mahtani (ณัฐภัทร จี มาทานี),8834
2018CARR06,Leonardo José Carrari,8840
2013BROW04,Evan Brown,8844
2017AGUI08,Rodrigo Aguilar,8846
2012SHRI01,Anay Shrikar,8848
2012KUMA02,Akula Sai Kumar,8848
2015CHEN37,Hongyu Chen (陈泓宇),8876
2018KUZN11,Kacper Kuźniak,8877
2015CORP01,Ralph Corpuz,8879
2011BARB03,Nicola Barbaro,8881
2016WOJC04,Dawid Wójcik,8884
2008BARA01,Bence Barát,8903
2012TERS02,Semyon Terskov,8909
2010WANG53,Jiayu Wang (王佳宇),8912
2017KUMA15,Vivek Kumar,8926
2016RADE02,Jack Rader,8932
2016ZHIT01,Maria Zhits,8943
2017CHEN36,Xinyun Chen (陈新运),8947
2007FUBO01,Fubo Wang (王富博),8951
2016MRUG01,Eduard Mrug,8953
2018LIMA01,Andrei Levi Ferreira Lima,8961
2011ULIN01,Joel Ulin,8962
2017CAST48,Egdar Castillo,8962
2018COLL06,Adam Collier,8963
2011WALL02,Chris Wall,8971
2018BEYL01,Ilya Beylin (Илья Бейлин),8982
2018GIBS04,Levi Gibson,8984
2016KIMJ12,Jonghun Kim,8986
2016BAIR04,Christopher Baird,8988
2018HUDO01,Matt Hudon,8997
2009SIEW01,Darren Siew Ee Yaang (蕭奕暘),8997
2014HAZI01,Ahmad Hazim,9001
2014WUZE01,Zengchu Wu (吴增初),9029
2017RAJB03,Abhash Rajbhandari,9030
2013ASBE01,Alex Asbery,9031
2017FAIZ01,Mohamad Adrian Syahirin Bin Mohd Faizal,9034
2019ARYA01,Bishnu Aryal,9046
2011CHEC01,Maxim Chechnev,9047
2017MARC22,Matej Marčok,9055
2018BELL16,Nicolas Bell,9076
2016SILV02,Luiz Fellipe Oliuza Leal Silva,9084
2014NISH04,Shintaro Nishijo,9087
2015PESC01,Eric Pesci,9097
2015SHIN07,Robert Shindelar,9099
2008LAMH01,Hong Tan Lam,9102
2011LIME01,Meng-Yi Li (李孟一),9117
2015NOVA04,David Novák,9126
2006OOKU01,Takayuki Ookusa (大艸尊之),9129
2017OWEN01,Harry Owen,9136
2013TRAM02,Guilherme Tramontano,9138
2008VARG01,Dániel Varga,9151
2014JAYE01,Eli Jay,9154
2018BARR03,Diego Barrera,9154
2016LINY04,Yuxuan Lin (林宇轩),9180
2014GUPT23,Shivam Gupta,9188
2015MOHA10,Varun Mohanraj,9192
2014ABRA01,Arkadiusz Abramowski,9195
2005HSUA01,Anthony Hsu,9197
2015LUND03,Einar Kvam Lundberg,9211
2017FURE01,Dominik Fürer,9223
2017JIME07,Santiago Ramírez Jiménez,9230
2016AMBE02,Dieter Amberger,9231
2009ZHAN24,Junhe Zhang (张钧鹤),9233
2017PALA08,Harsha Paladugu,9236
2018XUKE03,Kevin Xu,9244
2012HARI01,Aditya Hari,9255
2011CHEN54,Yuxuan Chen,9262
2016DURA09,Paweł Duraj,9264
2018SUTA01,Jayson Sutanto,9266
2008UENO01,Shuto Ueno (上野柊斗),9266
2014SHAR05,Dmytro Sharapov (Дмитро Шарапов),9267
2010COOK01,Tessa Cookmeyer,9269
2015LEON02,Ivan Li Ka Leong (李嘉亮),9275
2015BEUG01,David Beugnon,9289
2016CHOI01,Chris Choi,9302
2014MORE01,Renzo Rodriguez Moreno,9312
2018MORE19,Daniel Alejandro Torres Moreno,9313
2017KEKK01,Alex Kekkonen,9317
2016KOLA02,Tymon Kolasiński,9319
2017KUNA01,Linus Kunath,9322
2014GANE04,Rithvik Ganesh,9322
2014SIME01,Edbert Sim,9323
2017HAIL02,Elias Haile,9332
2016CAST48,Timothy Castle,9350
2013HAHN02,Max Hahnbück,9353
2011JESU01,Samuel Antônio Araújo de Jesus,9364
2017TECU01,Adolfo Ortega Tecuapacho,9373
2015SALO01,Álvaro Aguilar Salobreña,9373
2018CUEV01,Geovanny Cueva,9382
2014LALI01,Ishaan Lal,9389
2012LAHL01,Fabian Löhle,9391
2010SCHM01,Leon Schmidtchen,9394
2013GHOD01,Abhijeet Ghodgaonkar,9394
2017RIOS06,Miguel Alejandro Blanco Ríos,9405
2011SYAH02,Andri Maulana Syahputra,9407
2016ARRE02,César Abraham Briones Arreola,9409
2010ALWA01,Jundi Ahmad Alwan,9411
2015GALI02,Luke Galioto,9419
2013GADI01,Krishnam Raju Gadiraju,9455
2016NORA01,Johan Hilmi Bin Nor Ashraf,9458
2017MORA08,Olander Rafael Hernández Morales,9458
2015ANDA01,Daryl Tan Hong An,9463
2016DABR03,Stanisław Dąbrowski,9464
2005REYN01,Tim Reynolds,9464
2017YANG36,Guohui Yan (闫国惠),9468
2019FONG04,Ryan Fong,9469
2016STAN05,Tom Stanton-Barnett,9475
2017RAWA03,Dhruv Rawat,9479
2015YINJ02,Jianhua Yin (尹建桦),9482
2017ERMO04,Elizaveta Ermolkina,9483
2011LIMA02,Bruno Fonsêca Coelho Lima,9483
2015CHAK01,Snehashish Chakravarti,9505
2017SUDA02,Gabriel,9529
2017YANG62,Marco Yang,9537
2010SAPU01,Dwi Widya Saputra,9548
2014GRIG01,Stephen Griggs,9549
2015VIRA02,Azhar Virani,9557
2010SOHT01,Tiffany Soh (蘇明珠),9575
2017MEYN01,Elias Meynckens,9581
2016STAN04,Lee Stanton-Barnett,9587
2019ESQU02,Precious Angel Esquilla,9592
2018CAIC01,Jhonatan Caicedo,9599
2017ZUNI05,Axel Uriel Sánchez Zúñiga,9607
2017ESTR04,Dereck Estrada,9637
2016HYTT01,Kari Hyttinen,9638
2018PARK09,Yeeun Park (박예은),9641
2014PEAR02,Maverick Pearson,9642
2016CHEY02,Yichang Chen (陈益昌),9652
2017HANS09,Jake M. Hanson,9658
2017WAGU02,Guoliang Wang (王国梁),9661
2017HADE01,Rustin Haderlie,9663
2011LIMR01,Ryan Lim,9666
2014PUGH01,Benjamin Pugh,9673
2013VIDA03,Dominik Vidaković,9679
2010ADHI01,Stephen Adhisaputra,9687
2009ARSA01,Riadi Arsandi,9687
2016FANG12,Chilin Fang (方炽霖),9700
2017ABDA02,Farrah Abdallah,9704
2010RAHM02,Cendy Cahyo Rahmat,9745
2016SIUM01,Marcus Siu,9748
2011MOLL01,James Molloy,9748
2007HESS01,Rowe Hessler,9751
2008JONG03,Jong-Ho Jeong (정종호),9758
2014MORE03,Eliezer Alejandro Martínez Moreno,9778
2012YANA01,Taku Yanai (矢内拓),9780
2017STEW08,Jack Stewart,9781
2018MAZH01,Evgeniy Mazhara,9788
2019KARL01,David Karlsson,9789
2008WITG01,Guus de Wit,9792
2016ZHEN09,Ang Chin Zhen (洪靖程),9802
2011RHEI01,Emanuel Rheinert,9803
2018JAIN01,Tegan Jain,9816
2013RUIX02,Xiaobin Rui (芮晓彬),9850
2014MODI01,Lakshay Modi,9856
2016SHEL09,Dmitry Shelomencev,9870
2018SOLN01,Andrei Solntsev,9873
2012HANS04,Abbe Hansen,9875
2018GALA05,Kaloyan Galabinov,9886
2015SANC11,Nicolás Sánchez,9888
2011ANGG04,Mokhamad Aguk Nur Anggraini,9893
2010ADHI02,Aulia Ismail Adhiim,9899
2016SHEN03,Henry Won Kai Sheng,9915
2016HAYA01,Azizah Nur Hayati,9916
2016SHEN18,Zhaobo Sheng (盛照博),9928
2017ZHON05,Junhua Zhong (钟俊华),9949
2016WASE01,Yannic Waser,9951
2016ZHAZ01,Zhiyuan Zhang (张智渊),9954
2014LOPE04,Antonio López,9956
2013AWAL01,Shantanu Awale,9957
2012JONE03,Ryan Jones,9958
2014ENDO01,Jolo Endona,9958
2015SALD01,Elston Saldanha,9959
2016WHEA01,Oliver Wheat,9960
2017XIAO09,Bowen Xiao (肖博文),9967
2014SURE11,Anirudh Sureshram,9977
2017SANJ03,Ankit Sanjel,9977
2016SOTI01,Jorge Alfageme Sotillos,9988
2017FLOR05,David Verdooren Flórez,10002
2015THEN01,Abner Philip Then Yi Hao (邓奕浩),10009
2017ONDE01,Alexandre Ondet,10015
2016RODR59,Raíssa Mendes de Arruda Rodrigues,10017
2013ZHYH01,Vladyslav Zhyhailo (Владислав Жигайло),10023
2013BRIT01,Gustavo Penaforte Brito,10025
2017BOLY01,Yerasyl Bolysbek (Ерасыл Болысбек),10030
2016DEIB01,Carson Deibert,10043
2017PABI01,Magdalena Pabisz,10055
2012MAIA01,João Guilherme Barejan Maiale,10058
2015SHAH09,Krish Shah-Nathwani,10062
2017POVO01,Roman Povolotskii,10072
2016SHRE04,Shree Krishna Shrestha,10076
2013CONA01,Michael Conard,10082
2017ZHUX01,Xiaoliang Zhu (朱校良),10085
2011FRAS01,Jayson Frascatore,10096
2011CAST02,Michael Andres Castillo Lemus,10099
2017MKEL01,Jamil Mkelle,10102
2011SZAT01,Wojciech Szatanowski,10105
2015BALZ01,Calvin Balzer,10108
2016WILS04,Ty Wilson,10112
2011GHAD01,Mehdi Ghaderi (مهدی قادری),10113
2011YEJI01,Jiaxi Ye (叶佳希),10151
2015SACH01,Hariharan Sachidanandam,10165
2014LINZ01,Zhengjun Lin (林正俊),10187
2008TRAN02,Chris Tran,10199
2017SAND03,Eddie Sandberg,10205
2008SAMP01,Bradley Sampson,10206
2017DIAN01,Armando Dian,10215
2010MANG01,Aldino Mangawing,10222
2015CHAN33,Hao Chang (常皓),10244
2014OHLE01,Simone Ohler,10246
2008CLEM01,Kit Clement,10254
2016HINS02,Shek Ho Hin (石灝軒),10257
2010MAOC01,Can Mao (毛灿),10257
2016BROD01,Bernhard Brodowsky,10260
2016GOHN01,RJ Gohn,10265
2016ELOE01,Eino Elo,10283
2013WANG72,Xuezheng Wang (王雪铮),10306
2010JANG01,Jr-Wei Jang (張智瑋),10309
2012KROK01,Anton Krokhmal (Антон Крохмаль),10309
2016CHIL02,Akshaansh Chilakapati,10314
2009DIMP01,Mariano D'Imperio,10323
2015BERN02,Agustín Bernasconi,10345
2015ZHEN20,He-Ping Zheng (鄭和平),10406
2019MADD01,Praneel Maddula,10416
2016GARC08,Carl Joshua Garcia,10421
2017JIET02,Tan Yong Jie,10428
2018BADM01,Erdnya Badmaev (Эрдня Бадмаев),10437
2017KULK10,Pranav Kulkarni,10458
2010RANI01,Dhanayush Raninga,10494
2013DENG06,Guolang Deng (邓果琅),10497
2018INTA02,Chalongyot Intayot (ฉลองยศ อินทยศ),10505
2016ZHUY04,Yunzhou Zhu (朱云舟),10506
2017ZHAJ12,Jiangshan Zha (查江山),10528
2016RAHM09,Muhammad Fahri Rahman,10536
2016MAHA07,Shubham Maharana,10540
2016JOHN30,Keenan Johnson,10566
2017MEYS02,Cedric Meysing,10567
2010BREC01,John Brechon,10574
2019CHAV08,Dylan Enrriquez Chavarria,10576
2014MELL03,Gabriel Sargeiro Gomes de Mello,10585
2011ANON06,Anonymous,10596
2012DIAZ03,Kevin Vanegas Diaz,10600
2010VILL03,Robbie Villarica,10607
2014JANE02,Ethan Jan,10615
2013YANG11,Cheng Yang (杨铖),10621
2016PARV01,Saman Parvizi (سامان پرویزی),10630
2015KROL01,Paweł Król,10632
2013PANT01,Mihnea Andrei Panţu,10642
2017BYRN01,Magnus Søndergaard Byrne,10648
2015CLAU02,Carson Claud,10649
2017KUMA30,Sukesh Kumar,10674
2017PINT05,Josias Milan Sirpa Pinto,10682
2018RUDN03,Viktor Rudnev (Виктор Руднев),10687
2017QUEN02,Milan Quentin,10690
2015WIDD01,Owen Widdis,10695
2013WEAV01,Sydney Weaver,10695
2019GUOY04,Yutao Guo (郭宇韬),10705
2015GONG03,Yao Gong (龚尧),10706
2010LAND01,Angel Arrioja Landa,10710
2013PASA01,Filip Pasławski,10710
2014KORO03,Volodymyr Korobeinyk (Володимир Коробейник),10710
2014LIME01,Meng-Jia Li (李孟家),10713
2019BANN01,Matvey Bannikov (Матвей Банников),10716
2016SANC08,Joseph Daniel Blas Sanchez,10717
2019EKAM01,Janesh Ekambaram,10720
2019TOLS01,Alexander Tolstov (Александр Толстов),10727
2018FOUS02,Richard Fousek,10730
2018LESS01,Hayden Lesser,10735
2011JAEM01,Jaemin Jeon (전재민),10736
2014NIEL03,Calvin Nielson,10743
2013SCHM02,Thomas Mæhle Schmidt,10751
2015WINT02,Steven Wintringham,10756
2015TORR12,Bernardo Torres,10760
2018LUCE02,Adam Lucek,10760
2015GREI01,Daniel Greigg,10765
2017NIEL03,Michael Nielsen,10772
2012PENG05,Jiacheng Peng (彭家诚),10778
2016BONE01,Giovanni Olmedo Bones,10787
2018TSVE02,Artem Tsvetkov (Артём Цветков),10793
2017LEMB02,Mikus Lembergs,10799
2018ZHAO48,Anjie Zhao (赵安洁),10800
2010CLAU02,Fadhil Rizki Clausthaldi,10800
2017JARN01,Thomas Sonnenberg Jarner,10816
2016ALRO01,Karam Al-Robaie,10820
2010POSN02,Jacob Posner,10837
2014ZHAN11,Yunke Zhang (张云柯),10840
2015KERN01,Mark Alexander Benítez Kernogo,10841
2016AGRA01,Alex Agranov,10849
2015NIET01,Danilo Toro Nieto,10850
2016BULB01,Xavier Escalante Bulbarela,10856
2016ZHON01,Kenny Zhong,10857
2013MCGR02,Logan McGraw,10896
2017BUCK01,Jake Buckley,10899
2016RENG03,Lisa Rengers,10910
2015KULK06,Rahul Kulkarni,10919
2014HANJ02,Jiachi Han (韩佳池),10919
2014PONG01,Tsang Hon Pong (曾漢邦),10920
2017KOCH08,Tyler Kochy,10921
2014FANG01,Samuel Fang,10927
2018GLAZ03,Mikhail Glazov (Михаил Глазов),10939
2012CONE01,Cristina Orenes Conesa,10969
2014POWE01,Bowen Powers,10988
2017SIMU01,Timotej Šimurka,10992
2017REDO02,Raúl Martínez Redondo,10999
2017BARA04,Levente Baráth,11005
2011PARR02,Jhon Edinson Arias Parra,11017
2014PAST03,Daniel Ortega Pastor,11018
2016LAYU01,Lorenzo Layug,11027
2015CHEN59,Benjin Chen (陈本锦),11039
2014MAUR06,Lorenzo Mauro,11044
2011SAKO01,Corey Sakowski,11057
2017BAGC01,Tuneer Bagchi,11071
2015JAEH01,Konstantin Jaehne,11079
2017AGUI18,Oscar Rene Mejia Aguirre,11079
2016IKHW02,Ahmad Kamil Ihsan Bin Ikhwan,11082
2017RYUD02,Dongheon Ryu (류동헌),11084
2009BAKK01,Ivo Bakker,11116
2017SUTT01,Titus Sutterfield,11118
2015YANG02,Daniel Yang,11120
2014RAJE03,Anish Rajesh,11128
2019LINE02,En-Tzu Lin (林恩慈),11134
2017TIKK01,Hargun Singh Tikku,11143
2018RAMI01,Gerardo Antonio Perez Ramirez,11151
2015CLAR03,Andrés Claros,11166
2017MOOR09,Hudson Moore,11169
2018WALD03,Eric Waldbillig,11171
2015LEEJ06,Jung-Hoon Lee,11172
2017MART94,Víctor Adán Solis Martinez,11179
2013KAMI03,Vladislav Kaminskiy,11180
2014LOWE01,Matthew Lowe,11200
2018SKEL01,Patrick Skelley,11220
2014WALK05,Alex Walker,11223
2016KAMA04,AJ Kamal,11240
2015LIUZ07,Zixuan Liu (刘子瑄),11240
2015ZHAO04,Qing Zhao (赵庆),11255
2019WENK01,Chi-Wen Ko (戈啓文),11256
2010JIMO01,Mo Ji (季默),11257
2017PORT04,Daniel Porter,11260
2014TIPT01,Jesse Tipton,11263
2007ESPI01,Phillip Espinoza,11269
2017LARS03,Michael Larsen,11272
2017GREE08,Kytler Green,11285
2015SING22,Jeremy Singson,11286
2016ZHAO36,Yifeng Zhao (赵益沣),11289
2018JACO10,Lucas Jacobs,11293
2011ADAM03,Mateusz Adamczyk,11303
2017BARM02,Nirnoy Barma,11304
2016BENI05,Jeremy Benik,11304
2018LIUL05,Lichao Liu (刘立超),11310
2017MORR05,Micah Morrison,11326
2018SPIL01,Aaron Spiller,11327
2016JIAN13,David Jiang (蒋濬哲),11329
2016JARM01,Myles Jarman,11347
2016PRES04,Matthew Prestwich,11348
2014HANT01,Tianlang Han (韩天朗),11368
2015SERO02,Ernest Seroczyński,11376
2012HERN03,Felipe Rueda Hernández,11386
2015BELO03,Will Belote,11395
2014POLL01,Samuel Pollom,11405
2012ZHAN08,Anyu Zhang (张安宇),11409
2015JOSS01,Maxime Josse,11423
2010WUJI01,Jiawen Wu (吴嘉文),11426
2017KORN02,Sergiusz Kornatowski,11432
2012ELLI01,Keaton Ellis,11434
2017DAND01,Pranav Dandgaval,11434
2014MRSK01,Dalibor Mrška,11463
2014BELL02,Alyssa Bell,11468
2011HAOY01,Yifan Hao (郝逸凡),11468
2007KRIS01,Tomas Kristiansson,11472
2018CHES02,Gjorgji Cheshmedjievski,11478
2018SHAK02,Sujai Shakthivel,11486
2013MORR03,Christopher Morris,11492
2014JIME05,Diego Alejandro Casas Jimenez,11504
2014GUPT09,Prakhar Gupta,11507
2017ROBE08,Russell Roberts,11513
2014BOYA01,Mark Boyanowski,11515
2017NITE01,Vaishnav Nitesh,11519
2011NATH02,Andrew Nathenson,11520
2017TESC01,Pedro Henrique Tesch,11520
2017BISA01,Landyn Bisard,11523
2018FOKO01,Vladimir Fokow (Владимир Фоков),11530
2018MEND23,Sérgio Hernandes Piancó Mendes,11536
2015ANDR07,John Tuquerrez Andrango,11538
2012LIAO03,Zi-Xian Liao (廖子賢),11547
2017MURZ01,Semen Murzin (Семён Мурзин),11548
2009HAMO01,James Hamory,11554
2014WILD03,Damian Wilding,11568
2016LIZA01,Nicolas Lizarazo,11568
2015MAPE01,Felipe Mapelli,11575
2017RYAB02,Danila Ryabinin,11580
2018BURK01,Travis Burkett,11599
2016SANT03,Andrey Conceição,11609
2017STAL02,Luca Stalpers,11609
2009HILD01,James Hildreth,11609
2017CAPU01,Emanuel Capule,11621
2015CERN01,Will Cerne,11624
2010YAMA04,Yuki Yamamoto (山本祐輝),11629
2010BOUV01,Pierre Bouvier,11637
2015KASP02,Markus Kasparofsky,11652
2010BECK01,Karina Grandjean Beck,11652
2019PRES02,Daniel G. Preston,11670
2016CHEJ04,Jianxu Chen (陈建旭),11694
2016CARA04,Kristian Gil Caragan,11705
2007ALEX01,Piotr Alexandrowicz,11735
2009KIMA01,Anatoly Kim,11738
2017RODR69,Sergio Emmanuel Sanchez Rodriguez,11742
2017DRAK01,Ian Drake,11755
2015WILS05,Ryland Wilson,11771
2008WONE01,David Woner,11786
2014RIVE03,Jonathan Efraín Soto Rivera,11788
2017ZHAO15,Shuo Zhao (赵硕),11801
2009SANT01,Simone Santarsiero,11803
2019MART12,Zack Martin,11806
2016KRAF01,Noah Kraft,11814
2017SUKH02,Ihor Sukhovatenko (Ігор Суховатенко),11817
2010DONA01,James Donahue,11819
2016RUCI01,Marcel Ručigaj,11822
2015RAMO08,Raúl Ramos,11833
2010CHAR01,Worapat Charoensuk (วรปรัชญ์ เจริญสุข),11835
2017SOUZ10,Gabriel Lincon Souza,11848
2013MATS02,Fumiya Matsui (松井郁也),11855
2017PERS01,Matthew Perschall,11858
2018SUNM09,Max Sun,11866
2014SALV02,Ricardo Bayona Salvador,11878
2016LIHO01,Hongyi Li (李泓毅),11884
2012YIND01,Dongyun Yin (殷冬昀),11895
2015JOLL02,Acchyut Jolly,11912
2014BHAT09,Alaik Bhatia,11914
2011CHAP01,José Leonardo Chaparro Prieto,11933
2015YASI02,Ryan Yasinko,11937
2014BORS01,Andrii Borsuk (Андрій Борсук),11941
2010PRAB02,Tanto Prabowo,11969
2012LIHO01,Hongda Li (李洪达),11971
2012EJLE01,Viktor Ejlertsson,11974
2014LIDO01,Dongzhe Li (李东哲),11978
2015SHAR18,Shivam Sharma,11979
2013VILL01,Victor Rafael Ortiz Villaseñor,12003
2017YEON01,Yap Teik Yeong,12026
2014SANC28,Julián García Sánchez,12045
2009KOMP01,Andrii Kompaniiets (Андрій Компанієць),12047
2013KUMA15,Shubham Kumar,12049
2012KABI01,Shubhayan Kabir,12067
2011MIKE01,Brandon Mikel,12082
2016RAYM01,Dylan Raymond,12109
2008ZERU01,Krzysztof Żerucha,12124
2007YOUN04,Ko Youngjin (고영진),12152
2018STAR02,Daniil Starodubtsev (Даніїл Стародубцев),12158
2015RAHH01,Hyun-Kyoo Rah (나현규),12172
2017SEMO02,Marcos Ferreira Semolini,12197
2013RIAB01,Yevhen Riabokon (Євген Рябоконь),12200
2009ZHAN52,Nanbin Zhang (张楠彬),12214
2015PARK13,Danny SungIn Park,12215
2017NOKE01,Jacob Nokes,12221
2015BELJ01,Toni Beljo,12228
2011WANG52,Xiaowei Wang (王晓伟),12240
2016GOSL01,Harry Goslow,12244
2017NGAK01,Salon Ngakhushi,12244
2016ANJU01,Jung In An (안정인),12251
2014LAND06,Guilherme Henrique Paes Landim,12273
2012CORO01,Giovanny Coronado,12283
2015ZHUX01,Xingye Zhu (朱星晔),12287
2017PAZN01,Nathaniel Elijah Paz,12293
2012CHEN25,Jingyuan Chen (陈静远),12313
2014SONG08,Zian Song (宋子安),12314
2013ZHOU11,Lianhua Zhou (周连华),12320
2018PINT07,Adrian Ismael Sirpa Pinto,12325
2018MORH01,Yaroslav Morhun (Ярослав Моргун),12330
2018ROCH04,Enzo Alexander León Rocha,12330
2016MEND03,Esteban Elías González Méndez,12331
2016GIZA01,Vincent Giza,12336
2013ZHOU03,Qianshu Zhou (周千舒),12347
2017OPRE02,Mara Oprea,12360
2017MELL02,Laura Mellier,12362
2017BEGN01,Austin Brandon Begnaud,12374
2015ZHAO08,Xuan Zhao (赵轩),12385
2018KOVI02,Pavel Kovirzin (Павел Ковырзин),12387
2016XUWE02,Sora Wenjie Xu (徐文杰),12391
2014BLAI02,Mayron Blain,12404
2016KIMD05,DaYeong Kim (김다영),12415
2014MHAT01,Rajesh Mhatre,12416
2017YANG60,Zhourun Yang (杨周润),12418
2016WALS01,Agus Wals,12427
2011LIMA01,Allyson Dias de Lima,12449
2015RIBI01,Vilius Ribinskas,12449
2017NGEZ01,Ezekiel Ng,12453
2015HALG01,Tyler Halgren,12473
2015HERI01,Matthew Heritage (梁子庭),12480
2018KOLO06,Igor Kolosov (Игорь Колосов),12489
2018BUDH01,Yash Budhiraja,12496
2015DEGL01,Lucas Déglise,12504
2015LUCI02,Paul Luciw,12508
2017EPAY01,Yestin John Epa,12514
2018GEPP01,Kevin Geppert,12516
2017LOPE27,Kenshin Lopez,12520
2015LULL01,Mohit Lulla,12524
2010LEHM02,Adrian Lehmann,12528
2016LIJI01,Jingbin Li (李晶斌),12543
2017RAJA10,Kishore Rajashekar,12544
2012BRUN01,Vincent Bruns,12559
2013FATE01,Michael Yoo Fatemi,12563
2012SHAP01,Caleb Shapiro,12565
2015KEAR01,Steven Kearns,12566
2013CRON01,Conor Cronin,12569
2016CARL02,Jérôme Carlier,12593
2016JANO01,Jēkabs Janovs,12596
2014KROP01,Peter Kropec,12599
2016LUSH02,Andrii Lushpak (Андрій Лушпак),12610
2011ZHAN56,Congjian Zhang (张丛健),12627
2017OUTH01,Sebastian Outh-Aut,12631
2017ISSL01,Beni Issler,12638
2010GARC02,Carlos Méndez García-Barroso,12643
2017MANI04,Enika Aubrey Maninang,12660
2015ALAN02,Sebastian Alanen,12677
2018FEHR01,William Fehr,12680
2015BUCK03,Asher Buckner,12686
2014TANA01,Takayuki Tanaka (田中隆喜),12692
2016PYWI01,Wilfrid Py,12696
2017RUTE01,Bea García Rutea,12697
2016SUBI01,Erik Subirats,12704
2011SUNG01,Sungho Hong (홍성호),12710
2015MINJ01,Jazmine Kong Kit Min,12714
2017DOBL01,Julian Doblon,12745
2018KUMA28,Aman Kumar,12750
2012CRIC01,Bruno Galati Paladino Cricelli,12760
2013WUFA03,Fazhen Wu (吴法臻),12787
2016SAWH01,Sidharth Sawhney,12790
2012WENI01,Ivan Lew Yi Wen (刘义文),12791
2018DEAN02,Tyler Dean,12794
2011SHAH01,Dharmesh Shahu,12804
2018OCHO05,Kevin Alexander Cuellar Ochoa,12813
2017ZHUM02,Bakhtiyar Zhumabekov (Бахтияр Жумабеков),12813
2018CHEN17,Vincent Chen,12823
2013MAZU02,Eduardo Mazuera,12831
2015LIZH02,Zhijun Li (李芷筠),12833
2018WIJA03,Herman Wijaya,12841
2010UBAL01,John Edison Ubaldo (ᜇ᜔ᜌᜓ︀ᜈ᜔ ᜁᜇᜒᜐᜓ︀ᜈ᜔ ᜂᜊᜎ᜔ᜇᜓ︀),12876
2017CHEX02,Xinhao Chen (陈新浩),12892
2017RAHM12,Sami Rahman,12894
2011WANN01,Daniel Wannamaker,12899
2015KOVA07,Nikita Kovalchuk (Нікіта Ковальчук),12902
2017GUOY03,Yongxiang Guo (郭永祥),12904
2010PULC01,Ernie Pulchny,12907
2015RAME02,Naren Ramesh,12907
2014SCRU01,Pilan Scruggs,12909
2007SUGA01,Nobuaki Suga (菅信昭),12934
2005FERN01,Ravi Fernando,12959
2016WANQ04,Qikai Wang (王其凯),12964
2010NGUY33,Nguyễn Ngọc Thịnh,12973
2017CHEZ05,Ziyue Chen (陈子悦),12975
2013ESTE02,Augusto Rosa Esteves,12976
2018SHAW06,Harry Shaw,13019
2015HAST01,Jeidun Duncan,13020
2011AMOR01,David Remolina Amórtegui,13032
2007MINH01,Minhyun Kim (김민현),13043
2015TERR01,Fabricio Andrés Yañez Terrazas,13045
2015ANIS01,Aliaksei Anisimau,13045
2016XIEY03,Yikang Xie (谢轶康),13049
2013OBLE01,Jakob Obleser,13055
2019CHAE02,Heechan Chae,13055
2013PARE01,Kunaal Parekh,13057
2017KIMB02,Beom San Kim (김범산),13081
2018ANDE02,Nikhil Anderson,13090
2015JANS02,Simon Jansson,13099
2013KODA01,Satoshi Kodama (児玉聡),13105
2016DAVI02,Ethan Davis,13120
2015PHUE01,Thada Phuenghua (ธาดา พึ่งฮั้ว),13121
2016MARB01,Jasper Lee Marbella,13125
2013SOLO02,Bernard Solomon,13128
2013LIUH03,Hanwen Liu (刘翰文),13134
2016PERE39,Michel Vinicius Venske Pereira,13138
2018WROT01,Brayden Wroten,13142
2013PIEC01,Tomasz Piechowski,13157
2013PARK06,Peter Park,13158
2013GAWA01,Abhi Gawande,13161
2014BLOC01,Josh Bloch,13203
2014SHEN06,Yue Shen (沈樾),13206
2017NIEV01,Bernard Wilson R. Nieves,13207
2007HUGH01,Mike Hughey,13229
2015YANG35,Ji Won Yang,13233
2019FROG01,Scott Froggatt,13245
2011GANE01,Fandy Ramadhan Ganefianto,13247
2016FAUS01,Will Faust,13254
2016WENT01,Teh Zhe Wen (郑哲文),13263
2018MALL01,Pranav R. Mallya,13263
2017ABID02,Muhammad Hafizuddin Akhtar Bin Mohd Zainal Abidin,13264
2011LIMA03,Henrique Fonsêca Coelho Lima,13286
2018MERI02,Gabriel Francisco Erazo Merino,13287
2016NAVA07,Justin John Navarro,13290
2017RODR53,Jose Daniel Solano Rodríguez,13291
2011KHAN03,Pranjal Khan,13291
2010THOM03,Blake Thompson,13300
2014HARA03,Akimi Hara (原明海),13321
2018MOLO01,Viktoria Molotova (Виктория Молотова),13326
2018MORG08,Camden Morgan,13328
2017VOIN01,German Voinkov,13331
2017CHEC10,Chun-He Chen (陳淳和),13351
2017KOJA01,Jandell Ryan Ko,13366
2016SRIP01,Krishna Advait Sripada,13378
2017WEST04,Nicolas Perez,13400
2015COAQ01,Brayan Ramos Coaquira,13401
2012KASS01,Daniël Kassab,13425
2017SHIR02,Tanmay Shirodkar,13441
2012KISH03,Vijay Kishore,13441
2017BEAU05,Théodore Beaumont,13445
2017HJER01,Owen Hjerpe,13483
2016ELLI03,Patrick Ellis,13515
2016ARRI04,Alejandro Bertin Ruiz Arriaga,13516
2019HEMM03,Meghan Hemmer,13522
2019POUL02,Brandon Poulton,13534
2015ZHAO07,Xun Zhao (赵洵),13558
2015XION03,Max Xiong (熊锐明),13563
2013SEOH01,Hyo-Min Seo (서효민),13572
2017ZHAD01,Damir Zhanataev,13573
2013ZHUY02,Yanfeng Zhu (朱艳枫),13579
2014SORI01,Misael Gómez Soria,13585
2016GONZ52,Gabriel Santiago Velez Gonzalez,13594
2016RODR60,Ricardo Mendes de Arruda Rodrigues,13598
2016ARRO05,Milko Sebastián Gutiérrez Arroyo,13606
2016RAZZ01,Nikita Razzamazov (Никита Раззама́зов),13628
2019BATT03,Simon Batt,13628
2017MARG03,Seath Margatinez,13634
2018GAOY04,Yuanxing Gao (高元兴),13637
2013SOUS03,Francisco Thales Rocha Sousa,13649
2016ARVI04,Dante Wallin Arvidsson,13672
2012ASKJ01,Andreas Askjem,13695
2017ALVE07,Mohammad Dilwar Ali Alvee,13713
2014RUMO01,Antoni Rumowski,13722
2015WEBS01,Garrett Webster,13724
2015PAUS01,Robert Paus,13725
2017MILL07,Zeke Miller,13725
2013GALA04,Pavel Galaktionov,13734
2014LANG02,Isaac Langer,13758
2007COHE01,Dan Cohen,13782
2013LUNI02,Siddhant Luniya,13793
2015JAIN21,Saiyam Jain,13809
2018ADIL01,Muhammad Aidil Wafiy Bin Mohd Adil,13814
2016BROW02,Caleb Brownlie,13821
2017LAIS02,Judith Laister,13821
2017PIET01,Kristiāns Pietkuns,13823
2007HERN02,Joel Hernández,13840
2013VEDE01,Andrii Vedenov (Андрій Веденьов),13852
2013DANA01,Danang Adianto,13853
2018JIME01,Julen Insausti Jiménez,13855
2014REYE09,Christopher Murillo Reyes,13862
2018VANS03,Layne VanSiegel,13863
2017OSOV01,Ivan Osovik,13869
2017YEZI01,Zitao Ye (叶子滔),13869
2009OKAY01,Tomoaki Okayama (岡山友昭),13885
2012MAAK01,Kilian Maak,13886
2016GROS07,Maxime Grosfillier,13893
2010VOGR01,Petra Kobal Vogrinec,13916
2011ZHUR01,Bohdan Zhuravel (Богдан Журавель),13916
2014VENK02,Rahul Venkatesan,13921
2017AIPK01,Igor Aipkin,13922
2016ALIA02,Mujadid Sigit Aliah,13923
2016SEMI01,Alexey Semichastnov,13942
2015YUAL01,Alicia Yu,13946
2017HUTI03,Tian Hu (胡天),13964
2015CAMP03,Damián Jail Campos,13965
2019WEII01,Ivan Goh Tat Wei,13971
2017ALON06,Juan Bernardo Mora Alonso,13971
2015FLOR17,Alvaro Samuel Castillo Flores,13972
2019SHAF02,Muhammad Ghifari Shafa,13973
2016YUHA04,Hang Yu (禹杭),13988
2014HERN08,Luis Gerardo Martínez Hernández,13992
2016PARE03,Noah Paredes,13994
2014RAOY01,Yujie Rao (饶喻杰),14003
2018ARNE03,Caleb Arnette,14028
2011REYN02,Alban Reynaud,14028
2015LEGU01,Genaro Sahib Leguizamon,14033
2016PATT02,Nicholas Patterson,14036
2015LITV01,Rostyslav Litvinov (Ростислав Літвінов),14039
2010YUAN08,Huan Yuan (袁欢),14049
2016FLOR24,Axel Flordal,14059
2013GARC08,Jesús Lindo García,14065
2014VEDP01,Prem Ved,14071
2010SHAP01,Jonathan Midjord Shapira,14085
2017LUND06,Joel Lundström,14088
2007OMUR01,Shuhei Omura (大村周平),14094
2018DORS01,Lennon Dorsey,14109
2014MARS04,Ty Marshall,14128
2018NASC04,Nicolas de Souza Fonseca Nascimento,14130
2012ZOUX01,Xianqian Zou (邹贤谦),14136
2016FIOR01,Giovane Rubin Fioravanti,14141
2016MOOR01,Adam Moore,14193
2017TRAN21,Kenneth Tran,14201
2018AERB02,Quinten Aerbeydt,14207
2014BLAY01,Óscar Roldán Blay,14210
2013CHAN09,Yu-Hsuan Chang (張祐瑄),14248
2017SAKI02,Rizwanul Islam Sakib,14299
2008MUGG01,Kristian Muggerud,14302
2008PADL01,Piotr Michał Padlewski,14308
2016ENOV01,Vincent Enoval,14314
2016DAYA02,Suraj Dayal,14319
2019SHEN10,Jeremy Sheng,14322
2015HLYB01,Denys Hlybokyi (Денис Глибокий),14346
2016GUZM03,Dexter James De Guzman,14376
2012CHEN54,Xingyu Chen (陈星宇),14381
2016YANW01,Wenqiang Yan (严文强),14393
2014QUYN02,Tomáš Nguyen,14393
2008YOUN02,Michael Young,14396
2016BECS01,Paul Becsi,14429
2015VUUR01,Kieran Van Vuuren,14433
2017MCKE03,Evan McKenzie,14434
2017HARB01,Danylo Harbar (Данило Гарбар),14435
2016HUAN48,Chenhao Huang (黄晨浩),14440
2014ESWA01,Karthikeyan Eswaran,14457
2017MILL02,Carson Miller,14464
2017MANG08,Von Joseph Mangaron,14471
2016COBO01,Juan Sebastian Serna Cobo,14489
2016SHIX02,Xinjie Shi (施鑫杰),14499
2016BAYA02,Jeremiah Paolo Bayanay,14504
2013WANK01,Key Yu Wan,14508
2009MCWI01,Zachary McWilliams,14514
2014WANG55,Heng Wang (王衡),14517
2016RAJA06,Jonas Rajagopal,14523
2017WRIG03,Evan Wright,14525
2013SULI03,Maciej Suliński,14548
2016YENC01,Christopher Yen,14558
2013PUTR02,Andi Alvin Adhyaksa Putra,14559
2017KRAV01,Danil Kravchenko,14568
2015KENN01,Devin Kennedy,14581
2018YANG73,Chien-Mu Yang (楊謙牧),14602
2015SIAM01,Rithvik Siam,14605
2014ALVA07,Anibal Salvador Gómez Alvarado,14614
2017RAND06,Ari Randers-Pehrson,14618
2014KOTA02,Maria Luiza Poletto Kotani,14632
2015POTT02,Safvan Kadannam Potta,14632
2014FRIE03,Zachary Friedman,14633
2016LINY05,Yuhao Lin (林宇浩),14635
2013YUSH01,Pavel Yushkevich,14639
2017NARV01,Juan Pablo Suárez Narváez,14651
2019VARM03,Kalidindi Hardhik Varma,14652
2018RIVE03,Kurt Rivera,14654
2013PASS01,Piyush Passi,14656
2017BOLO01,Nima Bolourchian,14657
2015HENN02,Mary Hennessy,14666
2018WEYE01,Peter Weyers,14671
2015BOUS02,Moez Boussarsar,14674
2017LIJI37,Jiankang Li (李建康),14687
2015GOSL01,Cari Goslow,14705
2018GROM01,Denis Gromov (Денис Громов),14720
2009HORM02,Julianne Hormann,14735
2014WILL03,Benjamin Willame,14741
2013MELN01,Maksim Melnik,14743
2016WALI01,Gustav Wälivaara,14747
2017LIND01,Leo Lindqvist,14751
2012ZAKE02,Dušan Zakelšek,14756
2011MAXE01,Agnes Maxelino,14758
2016ZHAX02,Xi Zhang (张希),14770
2016PERS01,Ordway Persyn,14774
2013KOBA01,Tomohiro Kobayashi (小林知広),14797
2014PUGN01,Adam Pugner,14799
2019BEZZ01,Nico Bezzerides,14811
2014BAAR01,Daan Baartmans,14812
2015YORK01,Daniel York,14820
2017KITA01,Akatsuki Kitamura (北村曉),14825
2016WIEB01,Adriel Wiebe,14843
2016LUIJ01,Olivier van Luijk,14867
2017GONZ07,Benjamín González Camus,14868
2017PIET02,Markuss Pietkuns,14868
2013TANG07,Feilong Tang (唐飞龙),14890
2019TUPI01,Dmitriy Tupis (Дмитрий Ту́пис),14894
2011SOBR01,Alrimar Dias Rocha Sobrinho,14894
2015SAIF01,Aamir Saifee,14901
2014PRAM01,Vikram Pramod,14907
2017GULO01,Feruz Gulomov,14931
2011BERG02,Anders Berggren,14931
2015YUAN05,Yiling Yuan (袁艺凌),14945
2018KORO04,Vladislav Korovin (Владислав Коровин),14946
2015MYEO01,Shin Myeong Park (박신명),14951
2011MAAS01,Alex Maass,14951
2013VALL03,Thomas Valles,14952
2018GOME06,Jaime Calzado Gomez,14963
2017KONG08,Derek Kong,14964
2009METH01,Brady Metherall,14966
2017CATA04,Ricardo Olea Catalán,14994
2015KULS02,Sarvagya Kulshreshtha,15004
2016SOKH01,Nestor Sokhan,15006
2013GOVI02,Sriram Govind,15006
2013ZOLL01,Ben Zoller,15009
2017GUZM08,Santiago Medina Guzmán,15026
2019MUSU02,Tarak Sai Musunuri,15035
2015BART05,Aiden Bartlett,15039
2015SHAR21,Lakshay Sharma,15047
2014MATH02,Carsten Matheus,15057
2018PERE51,Samuel de Souza Pereira,15060
2014KOLE02,Valerii Kolesnichenko (Валерій Колесніченко),15075
2017WONG01,Brenton Angelo Lo Wong,15098
2018WIES01,Jan Wiesemann,15104
2015SILV19,Hiago Souza da Silva,15124
2008WAIM01,Mok Mun Wai (莫滿懷),15148
2012PATE01,Antonie Paterakis,15150
2017HALA03,Jindřich Halabala,15157
2014CHOR01,Ryan Minjun Cho,15165
2015JESU01,Francisco Cabral de Jesus,15166
2019LAWR02,Brady Lawrence,15174
2015JIME10,José Enrique Jiménez,15177
2015FOXC01,Caleb Fox,15180
2016LIZE03,Zesheng Li (李泽生),15191
2016YURK01,Cory Yurkovic,15214
2016ZHAO65,Yongbin Zhao (赵勇镔),15235
2018KOCH05,Jason Kochan,15251
2015CLEM03,Nox Clémenceau,15274
2015WUJU02,Juntao Wu (吴俊涛),15283
2014EGOR01,Timofey Egorov,15298
2012ZAVA01,Michael Zavalza,15310
2017PETI02,Rachel Petitt,15313
2018EREM01,Sergey Eremin (Сергей Еремин),15356
2018KAWA01,Aakash Kawa,15357
2010SHIX01,Xin Shi (石欣),15362
2015WYSS01,Dimitri Wyss,15368
2018STOI03,Mihail Stoicescu,15369
2015SOUZ05,Patricky Albani de Souza,15370
2017YUNG02,Connor Yungbluth,15371
2006SOUC01,Aurelien Souchet (高凡),15372
2016BERG05,Felix Berglund,15407
2015SMED01,Christian Smedegaard,15410
2013BEES01,Dominik Beese,15413
2014KARL01,Alexander Karlov,15416
2015DOYU01,Lester Doyugan Jr.,15429
2017ORTI11,Stiven Ortiz,15431
2015CAMP04,Marcela Bertoldi Trujillo Campiteli,15442
2017WATS06,Nathaniel Watson,15444
2012NICO02,Alessandro Nicolì,15450
2018LEEE03,Evgeniy Lee,15450
2018RODI01,Dmitry Rodin (Дмитрий Родин),15459
2016TORR15,Marta García Torre,15463
2012BILL01,Gregor Billing,15479
2018RODR52,Antonio Weverson Angelo Rodrigues,15499
2018BRIT06,Miguel Enzo Moraes de Brito,15499
2018TANA01,Angelo Christian Dominic Tan,15508
2017PALA03,Sergio Alejandro Padilla Palacios,15518
2016RATA01,Chawin Ratanasiri (ชวิน รัตนสิริ),15537
2012GAIT01,Luna Gaitán,15588
2017GAYN01,John Gaynor,15597
2012SATH01,Abhishek Sathyanarayanan,15611
2016MURP05,Max Murphy,15613
2014MARK02,Nikolas Márkus,15616
2018KOPC01,Michal Kopča,15622
2011KIRU01,Kesava Kirupa,15634
2015TAKA04,Katsuki Takahashi (高橋勝紀),15650
2009SIEW03,Manfred Siew Ee Sheng (蕭奕晟),15671
2009BART02,Ádám Barta,15699
2016ZENK01,Viktor Zenk,15707
2013FILI01,Jurgens Filiaggi,15722
2016HANA01,Alexander Goo Zong Han,15726
2019HSIE05,Kai-Zhu Hsieh (謝鎧竹),15744
2014WUJI01,Jiawei Wu (伍嘉维),15759
2011FANG02,Shujie Fang (方述杰),15761
2014VORL01,Marco Vorländer,15773
2015RAMI14,Samuel Cuellar Ramirez,15788
2010CHEN40,Cheng Chen (陈成),15799
2018JUNG02,Alex Jung,15800
2015RABE02,Daniel Raber,15823
2012XHEM01,Albin Sten,15827
2019HOLS01,Philip Holst,15849
2017KAZI01,Ruslan Kazin (Руслан Казин),15856
2012JIET01,Carmen Teo Bin Jie (张斌婕),15875
2018FERN20,Rodrigo Maizo Fernandez,15877
2006HALC01,Michał Halczuk,15896
2017BARR34,Luis Angel Huerta Barrales,15904
2018NIFA01,Nikita Nifatov (Никита Нифатов),15906
2016PRAT03,Adrià Prats,15934
2017TIBB01,Ben Tibbetts,15958
2015JUNH02,Jung Junhyuk,15968
2018BRAD08,Michael Bradley,15969
2016SONG04,Chengyang Song (宋成阳),15972
2015DELA03,Karla Gem Gapud Delavente,15985
2018SHER03,Nathan Evan Sherman,15993
2015VENK02,Ramanathan Venkatachalam,15995
2017THUL01,Andrea Thull,16006
2018PAUC01,Junrho Pauchano,16045
2014FERR01,Davi Silva Soares Ferreira,16079
2016MULL05,Dartagnan Mullins,16096
2015CECE01,Kathleen Ariana Jenner Zurita Ceceña,16122
2011CHAN13,Swaminathan Chandrasekaran,16184
2017GONZ21,Miguel Gonzaga,16188
2019SANT25,Kaiky Brito dos Santos,16200
2016CARD06,Felipe Cardim,16221
2013DENN01,Andy Denney,16229
2010RUIZ03,Miguel de Jesús Ruiz Huerta,16258
2009ORTI01,Daniel Gracia Ortiz,16262
2019BERN04,Preben Halaas Berntsen,16262
2014ISSE01,Antoine Isselin,16275
2017PARS06,Tejas Parse,16284
2008CARU01,Lucas Santiago Bernhardt Caruncho,16290
2016SHIJ02,Jiankun Shi (石建坤),16297
2014MOHI01,Shankar Velu Mohit,16300
2014HORA01,Karthik Horapete,16325
2016YUWI01,William Yu,16354
2012BRED01,Ulrik Bredland,16366
2015KAME02,Marcus Kamen,16368
2017SANT12,Renan da Cunha Santos,16369
2017PRAA01,Tibor Jerry Praas,16376
2017TOST01,Alexander Tosting,16387
2017ANDE05,Quinn Anderson,16403
2014TAND02,Saransh Tandon,16409
2019SREE04,Bhargav Sreenivas,16418
2017CUES02,Luis Fernando Aldás Cuestas,16420
2017RHIV01,Sakib Ibn Rashid Rhivu,16432
2018PACO01,Berno Tipa Paco,16435
2014MOUR01,Beatriz de Araujo Mourão,16435
2013KOKS01,Serhii Koksharov (Сергій Кокшаров),16442
2018TATA03,Vladyslav Tatarenko (Владислав Татаренко),16461
2015SVEN02,Marcel Artigiani Svensson,16461
2014GRAD03,Adam Gradess,16481
2018MOSK02,Yevgeniia Moskvina (Євгенія Москвіна),16500
2014ARUM01,PK Arumugam,16506
2016CHEN16,Tan Weiu Cheng,16524
2008CHOI04,Ilkyoo Choi (최일규),16526
2018EVIN01,Štefan Evin,16527
2019RAIC03,Noam Raich,16529
2007KARS01,Harris Karsch,16543
2017RIZK06,Irkham Nur Rizki,16552
2016WEST04,Ethan Westerburg,16561
2012NARA04,Ajay Narayanan,16562
2012BERG04,Nathaniel Berg,16563
2017YANX01,Xiaohan Yan (闫小晗),16575
2015BASA02,Ethan Basanov,16576
2012SVEN01,Ross Svensson-Hornbostel,16585
2013COLI02,Victor Colin,16600
2015RAOJ01,Jun-Rui Rao (饒峻睿),16622
2016WILE01,Kristin Wiley,16627
2015MYER02,Isaac Myers,16627
2013MARR01,Matheo Louis Marra,16629
2012KRIS04,Velidi Venkata Jagan Mohana Murali Krishna,16636
2017DATZ01,Michael Datz,16668
2012GRAY01,Enoch Gray,16679
2013HELM02,Henry Helmuth,16695
2013GREN01,Timothy Edegran Gren,16703
2018MARZ01,Syafiq Marzuq,16715
2017KUDE02,Mars Daniel Kudemus,16715
2016SUJI02,Jiantao Su (苏剑涛),16720
2009COGH01,Andrew Coghill,16720
2014GREC01,Grant Grech,16735
2013CAOD01,Dong Cao (曹东),16752
2014MONR01,Santiago Blanco Monroy,16754
2016VEDM01,Glib Vedmid,16764
2016KAUT01,Muchammad Daniyal Kautsar,16772
2011MAOS01,Shenchuan Mao (毛神川),16774
2009LIUY03,Yiming Liu (刘一鸣),16811
2014HALE02,Lee Seung Ha (이승하),16844
2013GALL03,Julian Galliano,16853
2017RAMI08,Angel Alexis Carrillo Ramirez,16856
2015FEDE01,Alexis Fedeler,16902
2016LOYL01,Lance Bastien Loy,16904
2014LANG04,Henry Lange,16909
2019MOOR01,Mikey Moore,16922
2011ZAKA01,Achmad Rizki Zakaria,16923
2012MENG03,Lucas Henrique Meng,16940
2014RZEW01,Michał Rzewuski,16941
2014SANT16,Gabriel Silva dos Santos,16956
2018WEBE04,Samuel Weber,16973
2011SCHI01,Christian Schiøtt,16995
2017SILV44,Italo Mateus Cardoso Da Silva,17005
2016PODD01,Debanjan Poddar,17025
2018BOHA01,Alex Bohac,17027
2016DAIR01,Clark Dairo,17041
2016SKIN01,Sean Skinner,17059
2017JITE01,Sudarsan P. Jitesh,17071
2016HERR13,Joshua Santiago Monterrosa Herrera,17075
2013BOGD04,Tomek Bogdanik,17086
2017GUTM01,Manuel Gutman,17093
2016SKRO01,Owen Skroch,17105
2010MOND01,Pablo Nicolás Oshiro Mondoñedo,17116
2013SAWA01,Aneesh Sawant,17120
2012MAUR01,Jonathan Mauroy,17128
2009HARN01,Brandon Harnish,17138
2018GOME29,Frederico Canal Gomes,17145
2016BELY01,Alexander Belyakov,17159
2018REHM01,Zain Abdul Rehman,17163
2016JEON02,Jaehyun Jeong (정재현),17186
2016BAIR01,Samuel Baird,17215
2015KIMK02,Kevin Kim,17224
2018HENG05,Bee Kang Heng,17256
2014ROWE03,Seth Rowell,17288
2014CAIS01,Shengliang Cai (蔡盛梁),17296
2016UEDA01,Yota Ueda (上田陽太),17344
2017VIVE02,Ivan Camilo Ortegon Vives,17350
2016RAVE02,Alexandre Ravel,17379
2017SAND15,Ben Sandlin,17380
2017ABDU03,Akmal Abduazizov,17406
2015ZHEN02,Fangze Zheng (郑方泽),17450
2016JOHA01,Kabir Johal,17473
2015LEEC01,Chan-Min Lee (이찬민),17478
2018ROFF01,Kai Roff,17507
2018KORN03,Samuel Korn,17510
2016CHEH02,Haoyang Chen (陈浩杨),17526
2018IMTI01,Muhammad Saleh Imtiaz,17532
2016LOPE04,Álvaro Gala López,17593
2008COUR01,François Courtès,17613
2014TERE03,Ivan Terekh,17635
2015RIZZ02,Luca Rizzi,17690
2016BENI07,Carlos Gabriel S. Benito,17698
2013HUBH01,Hanns Hub,17701
2018TAGI01,Islam Tagirov (Ислам Тагиров),17755
2016DRAG02,Ammar Draganović,17758
2015CHIR01,Sergey Chirin,17784
2011LINB01,Brandon Lin (林博浩),17794
2007YULH01,Yul-Hok Sung (성열학),17801
2009WHIT01,Ben Whitmore,17803
2019SICH01,Oliver Michael Sitja Sichel,17804
2016BASH02,Magomed Bashtaev,17853
2017STRO02,Matei Alexandru Stroescu,17854
2013SING12,Abhimanyu Singhal,17872
2012SOLH02,Jonatan Solheim,17883
2016NAGU02,Christian Angelo Araneta Naguio,17887
2017MADR01,Maximiliano Perez Madrid,17896
2009YONG02,Lee Jia Yong (李伽榮),17899
2016ANDR12,Vadim Andreev,17908
2017DOWI01,Will Do,17924
2015MOUY01,Yu-Hsiang Mou (牟昱翔),17960
2010GARC06,Ismael Garcia Salgado,17962
2016CONG02,Ziyi Cong (丛子弋),17975
2011MASS01,Nikolai Masson (Николай Массон),17979
2017CAST08,Clancy Caster,17979
2010SENG01,Yong Rong Seng (杨荣盛),17997
2017RIQU01,Cristopher Arturo Pérez Riquelme,18008
2016ALSJ01,Victor Ålsjö,18048
2009CHAN15,Juan Juli Andika Chandra,18053
2006ARAK01,Sinpei Araki (荒木慎平),18070
2017KOTA01,Jacob Kotai,18079
2012BOGD01,Michał Bogdan,18087
2018ZHIG01,Roman Zhiglinskiy,18096
2011KANG05,Chen Kang (亢晨),18115
2010HUYE01,Yefeng Hu (胡叶枫),18124
2011BILC01,Ihor Bilchenko (Ігор Більченко),18129
2017RAJA01,Nikhil Rajani,18135
2017REGO01,Shenoy Angelo Rego,18144
2014HOWL02,Tyler Howlett,18166
2015PIET01,Dan Pietz,18251
2016KLAS01,Jake Klassen,18255
2017DIKY01,Yinte Dik,18391
2014MARQ02,Marlon de V. Marques,18405
2015CHIA07,Yun-Rui Chiang (江昀叡),18426
2015MAGA01,Eduardo André Carreón Magallanes,18456
2012FERN03,Mario Rodríguez Fernández,18466
2015CHIA06,Yun-Rong Chiang (江昀容),18468
2014SHEH01,Shey-Ruey Sheh (許時睿),18477
2016ZIES01,Parker Zieschang,18486
2018HOUY01,Yu-Chi Hou (侯宥圻),18503
2019LOZA01,Santiago Possos Lozano,18551
2016GUOL01,LianCheng Guo,18555
2011PARK04,Jae-Young Park,18588
2013KRAV01,Ivan Kravchenko (Іван Кравченко),18594
2017YINW01,Weichen Yin (殷维晨),18597
2014KANT04,Vuppala Narasimha Krishna Kanth,18608
2013PENA05,Nicolás Lasso Peña,18640
2017NGUY18,Kyle Nguyen,18664
2014USHA01,Uladzislau Ushakov (Владислав Ушаков),18675
2013DIPI01,Guido Dipietro,18695
2015DODS01,Graham Dodson,18701
2012TOKA02,Tomasz Tokarski,18764
2016CLAR11,Garrett Clark,18767
2014MART31,Osvaldo Argelis Lopez Marte,18777
2018NIEU01,Lucas Nieuwland,18818
2015CHAV08,Omkar Chavan,18852
2015KUZI01,Mikhail Kuzin,18887
2018CAVE01,Michele Cavezza,18889
2012STRA01,Ivar Strangstadstuen,18904
2016HERM07,Jordan Herman,18930
2012DANE01,Nicholas Daneshvari,18958
2017SHAT04,Kayes Ahmed Shatabdo,18964
2016ZHAZ10,Zifei Zhang (张子非),18992
2014BULU01,Sergio Bulux,19000
2006TSAI03,Yueh-Lin Tsai (蔡岳霖),19017
2018DERI02,Dave Deriches,19028
2013KOWA04,Igor Kowalczyk,19032
2018TANA03,Giovanni Tanaka (陈华安),19043
2017ROBI09,Mahbubul Hossain Robin,19069
2010HPFI01,Firdaus Kaimuddin HP,19079
2014MODA01,Shantanu Modak,19082
2016MEND04,Willy Vargas Mendez,19094
2015BAKK01,Brendan Bakker,19119
2014BILG01,Jason Bilgrei,19126
2016ELLE01,Paul Ellement,19131
2018WANH02,Hao Wang (王浩),19140
2016YING02,Haoxiang Ying (应浩祥),19177
2010HONG01,Chi-Lun Hung (洪啟倫),19201
2014RUIZ11,Fernando Ávila Ruíz,19214
2016XIZH01,Zhifang Xi (席之枋),19226
2019ROSE07,Max Rose-Innes,19252
2019BURD02,Gabriel Garber Burd,19271
2019POTI01,Ethan Potinsky,19302
2019BUCH03,Steve Buchanan,19353
2017RAHM09,Imran Rahman,19370
2017JINB01,Byron Jin,19378
2009FENG08,Tiancheng Feng (冯天成),19399
2017HENG02,Ethan Tan Hengdi,19426
2017RAFI06,Ahnaf Uddin Rafid,19481
2011COLL02,Shonathon Collins,19503
2015TREH01,Shreyas Trehan,19568
2018CUTH01,Philip Cuthbertson,19575
2011BENZ01,Boriss Benzerruki,19593
2015PABU01,Ivan Pabustan,19605
2018BRON01,Kurt Justine Bron,19639
2017GUTI13,Hazel Moises Ruiz Gutierrez,19643
2009OHRN01,Laura Ohrndorf,19667
2017PETC01,Stefania Petcu,19693
2017OBER02,Harrison Michael Oberg,19719
2014STRA03,Felix Strasser,19726
2015FERA01,Rachel Feran,19789
2014DATT01,Dattatreya Chodavarapu,19801
2019CHOI10,Jihyun Choi (최지현),19850
2018MALY05,Sergey Malyshev (Сергей Малышев),19859
2012GABO01,Julien Gaboriaud,19868
2014SZWU01,Mateusz Szwugier,19870
2008WUHA01,Han Wu (吳翰),19883
2011NURH02,Alif Reza Nurhadi,19884
2013PASZ01,Dominik Pasztetnik,19901
2012CANT02,Simone Cantarelli,19902
2008FUKA01,Hisashi Fukai (深井寿),19905
2016JIAN40,Jieze Jiang (蒋杰泽),19920
2017YEOL01,Park Gyeong Yeol (박경열),19956
2018DRAN01,Platon Dranchuk (Платон Дранчук),19972
2016BERG03,Koen van den Berg,19977
2012CAPA01,Mihai Căpăţinescu,19978
2018BEGI01,Nicolas Begin,19988
2011LINJ04,Ting-Xian Lin (林廷縣),20052
2015PEHR01,Ryan Peh (白凯明),20057
2017GONZ13,Steven González,20063
2008LILL01,Marie Lilleborge,20065
2018NIZV01,Maksym Nizvetskyi (Максим Нізвецький),20067
2013SANC06,Kevin Stick Quintero Sanchez,20109
2016CAMP01,Nathan Campbell,20128
2019KELL11,Amelie Kelly,20133
2010YIMI01,Yiming Liu (刘一明),20155
2018HENN02,Baptiste Hennuy,20180
2015ROBI04,Tyler Robinson,20181
2016GULI01,Mark Guliaiev,20302
2018KUSK01,Evan Kuske,20349
2014GRAY03,Brendan James Gray,20417
2019ILAG01,Elmer G. Ilago Jr.,20423
2017OLIV34,Daliny Máximo de Oliveira,20437
2013JOKI01,Kim Jokinen,20446
2012FAHM02,Muhammad Yunan Fahmi,20452
2016MOSE01,Stephen John Mosende,20461
2018KHAL02,Emil Khalimov,20497
2018RABI03,Ekhard Rabie,20529
2008HUAN02,Han-Wei Huang (黃漢威),20545
2017MERA01,Diego Alonso Tapia Mera,20562
2017NARC01,Vinicius Kauam Narciso,20611
2013DISA01,Edoardo Disarò,20631
2012TEPA01,Edrian Oralde Tepait,20637
2018STAN07,Alexandru Ioan Stan,20645
2008BAOY01,Ting Sheng Bao Yang,20647
2013ZWER01,Zach Zwerling,20679
2014ORTI09,Jessica Royer Ortiz,20698
2008BALA01,Szabolcs Balázsi,20699
2012PERK01,Oleh Perkovskyi (Олег Перковський),20700
2017MERI01,Eduardo Arturo Palacios Merino,20749
2019LUGN01,Arvin Lugnasin,20757
2015HUDO01,Hafizh Dary Faridhan Hudoyo,20761
2017WEIG02,Joshua Weigt,20775
2008ABAN01,Carlo Nicolai Abana,20781
2017KRAW02,Matthew Krawczyk,20799
2018SOLA05,Hrithik Solanki,20832
2014ENES01,David Serban Enescu,20852
2016SHEV01,Dmitriy Shevchenko,20927
2015RAJK03,Shreevatsh Rajkumar,20934
2015ANGG02,Johndy Bryll Angga,20946
2005BOUC01,Craig Bouchard,20948
2009SZEP01,Nóra Szepes,20968
2013LOYA01,Samuel Adrián Pérez Loya,20993
2009LOHU01,Hung Lo (羅鴻),21002
2012MAYE01,Theo Mayer,21064
2015OMOR01,Nicolas Jashchenko Omori,21079
2015PRAB04,Chinmay Prabhu,21079
2017AMBR01,Vihaan Ambre,21079
2012RAUT01,Sakari Rautalin,21110
2018MADA07,Anandpreet Singh Madaan,21112
2013GDUL01,Miłosz Gdula,21137
2016FRIE01,Geofrey Friedman,21141
2016TANA01,Masaaki Tanaka (田中正晃),21145
2016GALA02,Matei Galatanu,21178
2014DETU01,Eddy Deturche,21187
2017OBZH01,Ewsey Obzherin,21189
2013ROCA01,Francisco José Campos Rocamora,21227
2014TONO01,Aharon Campoli Tono,21309
2010MARI02,István Márián,21312
2017IBRA05,Shukrullo Ibragimov,21402
2016NIJU01,Chun-Pao Ni (倪君寶),21432
2014SZEP01,István Szepesi-Nagy,21440
2013KUOC01,Chun-Ting Kuo (郭俊廷),21454
2019MIYA05,Pedro Lobeto Miyamoto,21458
2017LIXI13,Xiang Li (李响),21485
2018BECK05,Cade Beck,21526
2017HERN40,Erick Amaro Hernandez,21538
2013MAHE02,M Aashrit Krishna Sankaran,21602
2017MORE09,Alonso Moreno,21604
2016FARI04,Felipe Eduardo Alves de Faria,21614
2015MEHT08,Yash Mehta,21651
2019STLA01,Éloi St-Laurent,21735
2008CARA01,Gilberto Caracciolo Morelli,21802
2014SALA15,Luis Sinhue Medina Salas,21955
2014HEYO01,Young He (何嘉炀),21981
2016PLAC01,Randoll Placencio,21982
2015MUNZ01,Max Munz,22001
2014BRED02,Birk Bredland,22004
2009TURI01,Barnabás Turi,22012
2016OLSO01,Alec Olson,22024
2010NILS01,David Nilsen,22048
2011NARA03,Deepshika Narasimhan,22055
2014PAJC01,Konrad Pajączek,22062
2015SURL01,Josh Surline,22079
2015LIND08,John Linder,22080
2017KEHM01,Andrew Kehm,22083
2016HOWE03,Lee Hoween,22173
2018WEIG01,Evan Ray Weigel,22187
2015LIND05,Donghong Lin (林东泓),22197
2016JUNI11,Marcius Gayber de Lima Pinto Junior,22201
2018CATE03,Ethan Christopher Cates,22246
2014BUEH01,Manuel Bühler,22342
2017BARA05,Grigoriy Barashkin,22393
2010CHAN20,Nevins Chan Pak Hoong (陈百鸿),22540
2017POPE02,Alexandru Ioan Popescu,22582
2017KLOS01,Willem Klose,22620
2015FONS02,Federico da Fonseca,22627
2015WATT02,Graeme Watt,22704
2014CRUZ20,Romhel A. Dela Cruz,22741
2015SUCK01,Jang Seok Won (장석원),22769
2016RINE02,Tim Rinehart,22837
2010MATT02,Kevin Matthews,22845
2010WENS01,Siew Hann Wen (蕭漢文),22862
2017CAMP22,Victor Alexandre Fernandes Campos,22892
2016ILIU01,Daniil Iliukhin,22901
2011HAMI01,Ahsanul Insan Hamid,22950
2014BROD03,Tyler Brodzinski,22958
2012PRIE01,Juan Pablo Silvera Prieto,22965
2016BROW06,Edoardo Brown,23013
2010MASL01,Arash Maslehatjoo (آرش مصلحت جو),23034
2016SABI03,Abraham Ismael Hernandez Sabido,23057
2013KIMD01,Dohyun Kim (김도현),23069
2017LEEM01,Minsoo Lee,23084
2015ERIK01,Lovisa Eriksson,23085
2019FIFE02,Joshua Fife,23165
2014TEJA05,Pamulapati Sai Teja,23167
2015VASI02,Nikolay Vasilyev,23168
2016HOFF03,Caleb Hoffman,23171
2014BECE01,Alexis Arturo Carmona Becerril,23179
2016ZEPE03,Luis Ricardo Alonso Zepeda,23180
2018HONC04,Illia Honcharuk (Ілля Гончарук),23249
2011PAAV01,Niko Paavilainen,23281
2014REZE02,Matheus de Souza Rezende,23299
2014KATT01,Shreyas Katta,23302
2017MELI01,George Alexandru Melintioi,23327
2017XAIT01,Akmaljon Xaitov,23467
2017BUSC03,Danny Buschert,23471
2016BURK03,Dalton Burk,23552
2017JOSH04,Aayas Dhoj Joshi,23724
2017POBL01,Diego Poblete,23786
2018KUMA01,Nitin Kumar,23797
2017PIHE01,Remo Pihel,23860
2017SANK04,Vishwa Sankar,23860
2019MEEH01,Connor Meehan,23918
2013STRE01,Ben Streeter,23968
2017KOLE01,Andrey Kolevatykh (Андрей Колеватых),24146
2017GARN02,Rio Garnida,24158
2015HERN05,Esteban Noe González Hernández,24200
2010GUPT01,Ankit Gupta,24260
2015MART40,Julio Martínez,24274
2008SMIT04,Maarten Smit,24286
2012MADA01,Vivek Prasad Mada,24298
2012STRA02,Roman Strakhov,24360
2019JOOH01,Hani Joo (주하니),24399
2003HARD01,Chris Hardwick,24480
2016STEE01,Tristan Steeves,24573
2012OANE02,Şmit Andrei Oanea,24595
2013GABR02,Dawid Gabriel,24647
2017YARY01,Alexey Yarygin,24681
2016TARN01,Joey Tarnowski,24691
2017CALD04,Roberto Caldas,24757
2013KHAN04,Abhishrut Khanna,24803
2014CYBU02,Ignacy Cybulski,24812
2016NASI01,Marie Angela Nasis,24828
2014HALE01,Donovan Hale,24829
2016FILI01,Benjamin Filias,24847
2015CHAW02,Amun Chawla,24893
2013BONA02,Jakub Bonarski,24913
2019SMIT37,Eddie Smith,24953
2010BJOR01,Halvor Bjørntvedt,25000
2015MACK02,Hudson Mackay,25050
2017YANG12,Joe Yang,25079
2005KOCZ01,István Kocza,25112
2015JAJA01,Kush Jajal,25112
2016CHAV18,José Chávez,25175
2014LANC01,Jake Lance,25253
2014REDD04,Akash Reddy,25286
2009TIRA01,Javier Tirado Ortiz,25421
2017LOUG03,Aedan Loughran,25508
2017ROBE09,Renārs Robežnieks,25608
2015KOIL01,Daniel Koilpillai,25632
2013CONT01,Oscar Alberto Ceballos Contreras,25648
2017YOON01,Jiwon Yoon (윤지원),25676
2018VALL15,Josias Vallejos,25682
2014JOUB01,Pieterjan Joubert,25688
2015CAMP01,Rafael Carreiro Campos,25745
2017PETR03,Max Petrov,25822
2016ORLO01,Anton Orlovich,25860
2015CALA03,Afonso Henrique Anastacio Calabria,25928
2014NUNE05,Rodrigo Pueblas Núñez,26052
2018SHER02,Parker Sherman,26089
2017HUMM01,Mitchell Hum,26180
2012MCMI01,Matthew McMillan,26217
2014PENG07,Chang-You Peng (彭長釉),26257
2014DIAZ10,Carlos Martínez Díaz,26295
2011KIBE01,Omkar Kibe,26340
2017GUPT26,Krishna Gupta,26353
2014VILL14,Emilio Rafael Rodriguez Del Villar,26375
2011BRIG01,Rey Anthony Briguera,26463
2015MABA01,Rodolfo Jepte Lutrania Mabanta,26477
2018NORD01,Teighin Nordholt,26489
2017JEWE01,Carson Jewell,26608
2016DERO04,Fabio De'Rose,26621
2014HARN01,Micki Kanaiya Harning,26649
2015HUNT02,Elizabeth Hunt,26758
2016ROBE13,Marlilson Augustinho Roberto,26804
2015CRAN01,Eliott Crancée,26967
2016LEHE01,Thomas Lehéricy,27052
2013SAYP01,Pablo Say,27091
2016MORE04,Nicholas Moreno,27152
2014CHHA01,Paarth Chhabra,27218
2015JAIN03,Anurag Jain,27221
2012PABL01,Amaia de Pablo,27372
2014KOLL01,Revanth Sharma Kollegala,27484
2015SANC09,Juan Delgado Sanchez,27531
2019FIFE01,Alan Fife,27548
2008WUKU01,Kuo-Hau Wu (吳國豪),27634
2014SILV33,Huérllen Vicente Lemos e Silva,27851
2013MACI01,Adrián Martínez Macías,27987
2014HANS01,Lindsay Hans,27988
2017RHIN01,Parker Rhinehart,28110
2017AIRD01,Steven Aird,28165
2014GRIS03,Vladislav Grishchenkov,28233
2017SHUT02,Ekaterina Shutenko,28237
2019OGOR02,Luke O'Gorman,28279
2010CHEU01,Adrian Cheung,28479
2018WIDD01,Alexander Widdows,28554
2017BASS04,Ali Bassam,28649
2018LAMB08,Hailey Lambert,28716
2014GUMI01,MinSeo Gu (구민서),28740
2016DHAK01,Pratik Dhakal,28842
2019MORE28,Tommy Moreno,28908
2013KRIS02,Rohan Krishna,28913
2014SCHO03,Amit Schori,28956
2014SCHO04,Quinton Scholtz,29000
2015RUIZ08,Benito Benítez Ruiz,29047
2016JUAN01,Edrian San Juan,29055
2012SANG02,Rishabh Sanghavi,29121
2011TRON01,Fredrik Abildgaard Trondhjem,29206
2015SCHA02,Henry Schaffer,29530
2018ALEX01,Ioana Alexia Fierbinţeanu Călinescu,29688
2009CHYI01,Gooi Ying Chyi,29704
2017FLOR20,Axel Hernández Flores,30055
2015NICH04,AJ Nicholls,30133
2019SUTT04,Lewis Sutton,30197
2012WALK02,Adam Walker,30214
2012CHOW03,Theodore Chow,30237
2014VOVA01,Ethan Vovan,30283
2011GOME02,Victor Sinan Seixo de Brito Gomes,30349
2012MEES01,Tiemen De Meester,30638
2018PORT06,Sam Porter,30771
2014OROV01,Liam Orovec,30877
2017LEDE04,Cristian Gabriel Ledesma,30932
2014FURE01,Corentin Furet,31166
2016RAMI07,Joan Lerebours Ramirez,31354
2015WILL06,Caden Williamson,31573
2014MORE05,Pedro Miranda Moreira,31585
2014PYAT01,Vladislav Pyatnitsa (Владислав Пятница),31630
2015DADA02,Zameer Dada,32123
2017DAOU01,Daniel Daoust,32188
2018ANGE07,José Armando Escamilla Ángeles,32209
2014KEER01,Sathya Keerthi,32295
2014STUA01,Kris Stuart,32335
2017OWAI01,Mohammad Owais,32384
2014URBA01,Gerardo Alvarado Urbán,32555
2007WONG02,Tim Wong,33214
2014STIN01,Jared Stinson,33275
2015THEI01,Alexandre Theisen,33438
2016HUNJ01,Jeong Ji Hun,33468
2017MARU08,Nickolas Naoki Maruyama,33495
2016SWAN03,Shane Swanepoel,33768
2012NALH01,Vinit Nalhe,33768
2017PIRE01,Pedro Luiz Ferreira Pires,33814
2013VASQ03,Jackie Vásquez,34149
2017EVTU01,Artem Evtushenko,34238
2011KUOE01,Er-Sheng Kuo (郭爾陞),34748
2013MART03,Chris Martin,34971
2017PREN02,Ryan Prendible,34988
2011STAI01,Micah Stairs,36137
2014KANN02,Arun Kannan,36411
2016UYJO01,John Gabriel Uy,37272
2008KVAL01,Jarle Kvåle,37632
2014HUNG04,Ching-Yu Hung (洪慶宇),37648
2017VIAN01,Matheus Casassa Viana,37986
2014GREE02,Aussie Greene,38885
2016ERMO01,Egor Ermolaev,39145
2014RIEM01,Marius Rombout Ferreira van Riemsdijk,39173
2016BELO01,Lev Beloretskii,39564
2013DICK01,Matthew Dickman,40605
2016SAND04,Salvador Martinez Sandoval,40730
2008RODR01,Alejandro Riveiro Rodríguez,41338
2018BELY01,Sergey Belyakov,41529
2014LEHW01,Daniel Lehwing,43323
2012SADO01,Anna Sadovska (Анна Садовська),44839
2007ANTO01,Tyler Antony,44891
2015PERE19,Adriano Rocha Pereira,44919
2014GRAY02,John Gray,46592
2011DELG01,Elisabet Delgado Mas,46829
2014RAPO01,Tommaso Raposio,48388
2014IVAN01,Yaroslav Ivanov (Ярослав Іванов),105700
